,,,,,,,,,,Game Stats,Game Stats,Game Stats,Game Stats,Game Stats,Game Stats,Game Stats,Game Stats,Game Stats,Game Stats,Game Stats,Game Stats,Game Stats,Game Stats,Game Stats,Game Stats
Player,Game,Team,,Opp,Margin,Type,Assisted,Distance,,MP,PTS,FG,FGA,FG%,3P,3PA,3P%,FT,FTA,FT%,TRB,AST,STL,BLK,GmSc
Harrison Barnes  (2),Mar 27 2021,SAC,,CLE,-1,3-pt FG,D. Fox,26 ft,,36:28,16,6,10,.600,1,3,.333,3,4,.750,11,0,0,0,9.9
Tony Snell,Mar 11 2021,ATL,@,TOR,-2,3-pt FG,T. Young,25,,26:28,6,2,4,.500,2,3,.667,0,0,,4,2,0,0,5.8
Luguentz Dort,Feb 24 2021,OKC,,SAS,tied,3-pt FG,A. Horford,23,,30:44,16,6,12,.500,4,7,.571,0,0,,4,1,0,0,10.3
Terry Rozier,Feb 20 2021,CHO,,GSW,tied,2-pt FG,unassisted,20,,38:54,36,12,19,.632,8,11,.727,4,4,1.000,3,4,1,0,28.6
Damian Lillard  (3),Jan 30 2021,POR,@,CHI,-2,3-pt FG,unassisted,26,,36:27,44,15,26,.577,8,17,.471,6,6,1.000,5,9,1,0,35.8
Cole Anthony,Jan 20 2021,ORL,@,MIN,-2,3-pt FG,unassisted,25,,27:57,13,5,7,.714,3,3,1.000,0,0,,7,3,0,1,12.8
Buddy Hield  (2),Dec 23 2020,SAC,@,DEN,tied,2-pt FG,unassisted,At Rim,,41:07,22,7,15,.467,5,11,.455,3,3,1.000,4,3,1,0,14.0
Anthony Davis  (2),Sep 20 2020 p,LAL,,DEN,-1,3-pt FG,R. Rondo,26,,39:18,31,11,23,.478,2,4,.500,7,7,1.000,9,2,1,2,24.0
OG Anunoby,Sep 3 2020 p,TOR,@,BOS,-2,3-pt FG,K. Lowry,23,,45:28,12,4,8,.500,3,5,.600,1,2,.500,10,1,3,2,15.1
Jimmy Butler  (2),Sep 2 2020 p,MIA,@,MIL,tied,Free throw,,,,36:13,13,3,8,.375,0,2,.000,7,8,.875,3,6,3,0,13.9
Luka Dončić,Aug 23 2020 p,DAL,,LAC,-1,3-pt FG,unassisted,27,,45:45,43,18,31,.581,4,10,.400,3,5,.600,17,13,2,1,37.6
Devin Booker  (3),Aug 4 2020,PHO,@,LAC,tied,2-pt FG,unassisted,18,,37:08,35,13,25,.520,6,9,.667,3,5,.600,4,8,0,0,25.5
Bojan Bogdanović  (2),Feb 9 2020,UTA,@,HOU,-2,3-pt FG,J. Ingles,28,,32:16,8,2,7,.286,2,5,.400,2,2,1.000,2,4,0,0,6.3
Nemanja Bjelica,Dec 9 2019,SAC,@,HOU,-2,3-pt FG,C. Joseph,32,,29:39,17,6,14,.429,3,7,.429,2,2,1.000,5,4,3,0,13.7
Malik Monk,Nov 15 2019,CHO,,DET,tied,3-pt FG,C. Martin,26,,21:57,19,8,12,.667,2,4,.500,1,2,.500,4,1,0,0,12.5
Bojan Bogdanović  (1),Nov 8 2019,UTA,,MIL,tied,3-pt FG,J. Ingles,23,,37:33,33,9,19,.474,5,10,.500,10,10,1.000,5,0,0,0,21.4
Jae Crowder,Oct 27 2019,MEM,,BRK,-2,3-pt FG,J. Morant,27,,37:43,6,2,6,.333,2,5,.400,0,0,,7,5,1,2,8.8
Kawhi Leonard,May 12 2019 p,TOR,,PHI,tied,2-pt FG,unassisted,15,,43:17,41,16,39,.410,2,9,.222,7,8,.875,8,3,3,0,24.4
Damian Lillard  (2),Apr 23 2019 p,POR,,OKC,tied,3-pt FG,unassisted,36,,45:16,50,17,33,.515,10,18,.556,6,8,.750,7,6,3,1,36.9
Maurice Harkless,Apr 9 2019,POR,@,LAL,tied,3-pt FG,C. McCollum,24,,33:59,26,9,14,.643,1,4,.250,7,8,.875,8,0,0,4,25.0
Trae Young,Mar 31 2019,ATL,,MIL,-1,2-pt FG,unassisted,11,,35:27,12,5,19,.263,2,9,.222,0,0,,5,16,2,0,14.0
Jeremy Lamb,Mar 24 2019,CHO,@,TOR,-2,3-pt FG,unassisted,48,,25:01,13,5,11,.455,3,4,.750,0,0,,0,0,1,2,9.3
Lou Williams,Mar 17 2019,LAC,,BRK,tied,3-pt FG,D. Gallinari,28,,26:32,25,8,16,.500,2,6,.333,7,7,1.000,6,2,0,0,19.0
Nikola Jokić,Mar 14 2019,DEN,,DAL,-1,2-pt FG,unassisted,12,,29:58,11,4,9,.444,0,2,.000,3,4,.750,14,8,0,1,14.8
Dwyane Wade  (5),Feb 27 2019,MIA,,GSW,-2,3-pt FG,unassisted,25,,25:45,25,10,17,.588,5,8,.625,0,0,,7,3,1,2,20.1
Rajon Rondo,Feb 7 2019,LAL,@,BOS,-1,2-pt FG,unassisted,19,,35:01,17,7,11,.636,3,4,.750,0,0,,7,10,0,0,18.6
Karl-Anthony Towns,Jan 30 2019,MIN,,MEM,tied,2-pt FG,unassisted,14,,26:27,16,7,17,.412,0,6,.000,2,2,1.000,10,2,0,0,8.1
Rudy Gay  (4),Jan 29 2019,SAS,,PHO,tied,2-pt FG,unassisted,21,,31:42,16,7,17,.412,0,0,,2,2,1.000,5,5,1,1,12.6
Buddy Hield  (1),Jan 19 2019,SAC,@,DET,-1,3-pt FG,unassisted,27,,37:33,35,13,22,.591,7,9,.778,2,2,1.000,9,3,0,1,29.3
Pascal Siakam,Jan 17 2019,TOR,,PHO,tied,2-pt FG,unassisted,2,,33:00,10,4,8,.500,0,3,.000,2,2,1.000,12,5,1,2,14.9
Evan Fournier  (2),Dec 30 2018,ORL,,DET,tied,2-pt FG,A. Gordon,12,,29:36,13,6,10,.600,1,2,.500,0,0,,5,3,1,0,8.8
Bogdan Bogdanović,Dec 27 2018,SAC,,LAL,-2,3-pt FG,N. Bjelica,26,,30:16,23,9,16,.563,3,7,.429,2,3,.667,1,1,1,1,13.3
Larry Nance Jr.,Dec 18 2018,CLE,@,IND,-1,2-pt FG,unassisted,At Rim,,33:26,15,7,14,.500,1,3,.333,0,0,,16,6,3,1,19.5
Reggie Bullock,Nov 14 2018,DET,@,TOR,tied,2-pt FG,J. Calderón,5,,28:56,5,2,9,.222,1,7,.143,0,0,,1,2,2,0,1.0
Evan Fournier  (1),Nov 5 2018,ORL,,CLE,tied,2-pt FG,A. Gordon,24,,31:58,15,5,15,.333,2,9,.222,3,4,.750,1,5,3,1,10.0
LeBron James  (7),May 5 2018 p,CLE,,TOR,tied,2-pt FG,unassisted,9,,41:16,38,14,26,.538,1,4,.250,9,11,.818,6,7,3,1,31.0
LeBron James  (6),Apr 25 2018 p,CLE,,IND,tied,3-pt FG,J. Green,24,,41:49,44,14,24,.583,1,4,.250,15,15,1.000,10,8,1,1,38.1
Gerald Green,Mar 30 2018,HOU,,PHO,-2,3-pt FG,T. Ariza,23,,28:17,15,5,14,.357,4,11,.364,1,1,1.000,0,0,0,0,5.6
Russell Westbrook  (2),Feb 22 2018,OKC,@,SAC,tied,3-pt FG,C. Anthony,25,,38:22,17,4,14,.286,1,6,.167,8,10,.800,15,11,2,0,13.8
LeBron James  (5),Feb 7 2018,CLE,,MIN,tied,2-pt FG,J. Green,17,,48:19,37,16,22,.727,5,7,.714,0,2,.000,10,15,1,1,36.6
Al Horford  (2),Feb 4 2018,BOS,,POR,-1,2-pt FG,J. Brown,19,,36:17,22,8,12,.667,2,2,1.000,4,4,1.000,10,5,0,2,21.3
Gary Harris,Feb 1 2018,DEN,,OKC,tied,3-pt FG,N. Jokić,24,,37:59,25,9,16,.563,5,9,.556,2,2,1.000,3,3,1,0,18.0
Harrison Barnes  (1),Nov 22 2017,DAL,@,MEM,-2,3-pt FG,D. Smith,29,,34:51,22,9,19,.474,1,3,.333,3,5,.600,9,1,0,0,14.3
Blake Griffin  (2),Oct 26 2017,LAC,@,POR,-2,3-pt FG,unassisted,24,,40:22,25,10,16,.625,2,5,.400,3,8,.375,8,5,1,0,20.1
Eric Gordon,Oct 25 2017,HOU,@,PHI,-2,3-pt FG,J. Harden,23,,39:54,29,7,20,.350,5,16,.313,10,12,.833,4,5,0,0,20.7
Andrew Wiggins  (2),Oct 22 2017,MIN,@,OKC,-1,3-pt FG,unassisted,29,,39:24,27,10,20,.500,2,7,.286,5,8,.625,7,4,2,0,21.3
Joe Johnson  (8),Apr 15 2017 p,UTA,@,LAC,tied,2-pt FG,unassisted,4,,31:17,21,9,14,.643,3,4,.750,0,0,,3,3,3,1,20.1
Noah Vonleh,Apr 10 2017,POR,,SAS,-1,2-pt FG,unassisted,2,,37:03,12,6,9,.667,0,0,,0,0,,11,1,0,0,13.3
D'Angelo Russell,Apr 9 2017,LAL,,MIN,-2,3-pt FG,J. Randle,25,,34:27,16,6,19,.316,2,8,.250,2,2,1.000,4,4,3,0,6.7
Russell Westbrook  (1),Apr 9 2017,OKC,@,DEN,-2,3-pt FG,S. Adams,36,,36:57,50,17,32,.531,5,12,.417,11,11,1.000,16,10,1,0,45.6
Hassan Whiteside,Mar 28 2017,MIA,@,DET,-1,2-pt FG,unassisted,At Rim,,30:03,17,7,13,.538,0,0,,3,4,.750,9,1,0,1,13.8
Brook Lopez,Mar 21 2017,BRK,,DET,tied,2-pt FG,R. Foye,16,,32:53,29,13,24,.542,3,9,.333,0,2,.000,7,1,0,0,18.0
Devin Booker  (2),Mar 11 2017,PHO,@,DAL,tied,2-pt FG,unassisted,19,,34:30,36,12,20,.600,2,5,.400,10,10,1.000,5,2,0,0,28.3
Rudy Gobert,Mar 5 2017,UTA,@,SAC,-1,2-pt FG,unassisted,1,,41:27,16,8,11,.727,0,0,,0,2,.000,23,3,1,3,23.6
Tyler Ulis,Mar 5 2017,PHO,,BOS,tied,3-pt FG,unassisted,25,,33:08,20,8,12,.667,1,1,1.000,3,3,1.000,2,5,1,0,19.1
Devin Booker  (1),Feb 3 2017,PHO,@,SAC,tied,2-pt FG,unassisted,20,,40:51,33,11,24,.458,4,8,.500,7,10,.700,2,2,2,1,21.5
Andrew Wiggins  (1),Jan 24 2017,MIN,@,PHO,-1,2-pt FG,unassisted,18,,38:39,31,11,22,.500,2,4,.500,7,8,.875,6,3,2,0,23.9
Marcus Morris,Jan 21 2017,DET,,WAS,-1,2-pt FG,unassisted,At Rim,,37:40,25,7,17,.412,3,6,.500,8,9,.889,11,3,1,0,22.1
T.J. McConnell,Jan 11 2017,PHI,,NYK,-1,2-pt FG,E. İlyasova,12,,34:04,8,4,6,.667,0,0,,0,0,,6,7,2,0,12.5
Giannis Antetokounmpo,Jan 4 2017,MIL,@,NYK,-1,2-pt FG,unassisted,15,,38:33,27,10,18,.556,1,4,.250,6,7,.857,13,4,1,3,24.4
Jimmy Butler  (1),Dec 28 2016,CHI,,BRK,tied,2-pt FG,unassisted,20,,38:21,40,14,29,.483,1,2,.500,11,11,1.000,10,4,4,0,33.7
Randy Foye  (2),Dec 26 2016,BRK,,CHO,-1,3-pt FG,B. Bogdanović,25,,20:43,3,1,2,.500,1,2,.500,0,0,,1,2,0,0,3.3
Marc Gasol,Nov 8 2016,MEM,,DEN,-1,2-pt FG,V. Carter,3,,30:20,19,9,14,.643,0,1,.000,1,3,.333,2,6,0,1,16.1
Eric Bledsoe,Nov 2 2016,PHO,,POR,tied,3-pt FG,unassisted,25,,39:55,20,7,20,.350,1,4,.250,5,5,1.000,7,4,1,0,11.3
John Henson,Oct 29 2016,MIL,,BRK,tied,2-pt FG,unassisted,1,,20:56,7,3,6,.500,0,0,,1,2,.500,12,3,2,2,11.3
J.J. Redick,Mar 24 2016,LAC,,POR,tied,2-pt FG,C. Paul,20,,25:09,11,5,11,.455,1,3,.333,0,0,,4,0,1,0,5.7
Emmanuel Mudiay,Mar 23 2016,DEN,,PHI,-2,3-pt FG,unassisted,36,,42:02,27,10,23,.435,3,5,.600,4,5,.800,11,4,0,1,20.3
Gordon Hayward  (2),Feb 9 2016,UTA,@,DAL,tied,2-pt FG,unassisted,17,,45:10,20,8,20,.400,0,6,.000,4,5,.800,5,4,1,0,11.5
Joe Johnson  (7),Feb 8 2016,BRK,,DEN,-2,3-pt FG,M. Brown,27,,29:34,12,5,10,.500,2,5,.400,0,0,,3,8,2,0,13.5
Nikola Vučević  (2),Feb 7 2016,ORL,,ATL,tied,2-pt FG,E. Payton,17,,34:48,22,11,19,.579,0,0,,0,0,,9,2,2,0,12.8
Avery Bradley,Feb 5 2016,BOS,@,CLE,-2,3-pt FG,I. Thomas,23,,35:41,14,5,12,.417,4,8,.500,0,0,,3,1,0,1,6.7
Deron Williams,Jan 5 2016,DAL,,SAC,-2,3-pt FG,D. Harris,22,,43:25,25,10,18,.556,3,6,.500,2,4,.500,2,4,2,0,15.2
Cory Joseph,Nov 28 2015,TOR,@,WAS,-1,3-pt FG,unassisted,24,,34:20,12,5,7,.714,2,2,1.000,0,0,,0,6,1,1,11.6
Nikola Vučević  (1),Nov 11 2015,ORL,,LAL,tied,2-pt FG,T. Harris,19,,25:34,18,9,16,.563,0,0,,0,0,,5,2,0,1,13.4
LeBron James  (4),May 10 2015 p,CLE,@,CHI,tied,2-pt FG,M. Dellavedova,21,,43:09,25,10,30,.333,1,7,.143,4,4,1.000,14,8,1,2,11.4
Paul Pierce  (7),May 9 2015 p,WAS,,ATL,tied,2-pt FG,unassisted,21,,25:35,13,5,12,.417,3,7,.429,0,0,,7,1,0,0,6.8
Derrick Rose  (2),May 8 2015 p,CHI,,CLE,tied,3-pt FG,M. Dunleavy,26,,38:43,30,10,26,.385,1,3,.333,9,10,.900,7,7,1,1,20.7
Jerryd Bayless,Apr 25 2015 p,MIL,,CHI,tied,2-pt FG,J. Dudley,1,,25:12,10,3,10,.300,0,1,.000,4,5,.800,3,5,0,0,8.2
Marcus Smart,Apr 4 2015,BOS,@,TOR,-1,2-pt FG,unassisted,1,,31:53,15,6,9,.667,2,5,.400,1,3,.333,4,4,2,1,15.0
Khris Middleton  (2),Mar 24 2015,MIL,,MIA,-2,3-pt FG,Z. Pachulia,24,,39:05,13,5,17,.294,2,8,.250,1,2,.500,4,2,0,0,2.9
Tyler Zeller,Mar 4 2015,BOS,,UTA,-1,2-pt FG,M. Smart,1,,29:48,8,4,8,.500,0,0,,0,2,.000,11,1,1,2,8.6
DeMarcus Cousins,Feb 8 2015,SAC,,PHO,tied,2-pt FG,B. McLemore,19,,36:43,28,13,25,.520,0,0,,2,4,.500,12,2,0,2,14.9
Anthony Davis  (1),Feb 6 2015,NOP,@,OKC,tied,3-pt FG,T. Evans,29,,44:25,41,15,23,.652,1,1,1.000,10,10,1.000,10,3,0,2,34.8
James Harden  (2),Jan 23 2015,HOU,@,PHO,tied,2-pt FG,unassisted,20,,39:48,33,8,18,.444,3,6,.500,14,17,.824,6,10,3,1,30.3
Khris Middleton  (1),Dec 15 2014,MIL,@,PHO,-1,3-pt FG,J. Dudley,25,,28:51,14,6,9,.667,2,3,.667,0,0,,1,3,1,0,10.9
Tobias Harris  (3),Dec 13 2014,ORL,,ATL,-1,2-pt FG,unassisted,14,,39:12,20,7,16,.438,0,3,.000,6,10,.600,6,5,0,3,14.8
Bradley Beal,Dec 10 2014,WAS,@,ORL,tied,2-pt FG,A. Miller,1,,33:54,9,4,8,.500,1,3,.333,0,0,,3,3,0,1,7.1
Blake Griffin  (1),Dec 8 2014,LAC,,PHO,-2,3-pt FG,unassisted,25,,42:32,45,14,24,.583,2,2,1.000,15,17,.882,8,2,1,0,33.2
Kemba Walker  (2),Dec 5 2014,CHO,,NYK,-1,2-pt FG,unassisted,1,,39:03,11,4,15,.267,0,2,.000,3,3,1.000,4,4,1,1,6.8
Monta Ellis  (4),Dec 3 2014,DAL,@,MIL,tied,2-pt FG,unassisted,18,,36:08,23,11,26,.423,0,3,.000,1,1,1.000,2,7,3,1,17.2
Solomon Hill,Nov 19 2014,IND,,CHO,tied,2-pt FG,unassisted,At Rim,,37:30,6,3,8,.375,0,2,.000,0,0,,5,0,0,0,0.5
Trey Burke,Nov 14 2014,UTA,@,NYK,tied,2-pt FG,unassisted,18,,35:22,13,5,9,.556,3,5,.600,0,0,,1,8,0,1,12.9
Courtney Lee,Nov 13 2014,MEM,,SAC,-1,2-pt FG,V. Carter,1,,35:55,16,6,9,.667,1,1,1.000,3,3,1.000,1,3,3,0,15.3
Lance Stephenson,Nov 7 2014,CHO,,ATL,tied,3-pt FG,M. Williams,32,,47:11,17,7,15,.467,1,3,.333,2,2,1.000,13,4,0,0,11.6
Gordon Hayward  (1),Nov 5 2014,UTA,,CLE,tied,2-pt FG,unassisted,20,,36:33,21,7,12,.583,0,1,.000,7,7,1.000,4,7,0,1,17.8
Tobias Harris  (2),Nov 5 2014,ORL,@,PHI,tied,2-pt FG,E. Fournier,20,,36:26,18,8,18,.444,0,3,.000,2,2,1.000,8,1,2,1,12.4
Damian Lillard  (1),May 2 2014 p,POR,,HOU,-2,3-pt FG,N. Batum,25,,43:24,25,8,14,.571,6,10,.600,3,3,1.000,6,3,3,1,21.6
Vince Carter  (5),Apr 26 2014 p,DAL,,SAS,-2,3-pt FG,J. Calderón,22,,22:50,11,3,8,.375,1,3,.333,4,4,1.000,3,1,0,0,7.2
Chris Douglas-Roberts,Apr 14 2014,CHA,@,ATL,tied,2-pt FG,J. McRoberts,6,,23:23,5,2,3,.667,0,1,.000,1,1,1.000,2,1,1,0,4.8
Dion Waiters,Mar 26 2014,CLE,@,DET,-1,2-pt FG,L. Deng,19,,38:32,18,8,20,.400,0,6,.000,2,3,.667,4,4,0,1,10.3
Dirk Nowitzki  (3),Feb 24 2014,DAL,@,NYK,tied,2-pt FG,unassisted,19,,32:26,15,6,13,.462,0,5,.000,3,3,1.000,1,3,2,0,11.3
Tobias Harris  (1),Feb 7 2014,ORL,,OKC,-1,2-pt FG,M. Harkless,2,,34:13,18,6,17,.353,0,1,.000,6,6,1.000,5,2,2,1,13.1
Randy Foye  (1),Feb 3 2014,DEN,,LAC,-2,3-pt FG,unassisted,30,,40:12,14,4,11,.364,2,7,.286,4,5,.800,7,4,1,2,9.6
Evan Turner  (2),Jan 29 2014,PHI,@,BOS,-1,2-pt FG,unassisted,7,,37:56,16,6,17,.353,0,5,.000,4,6,.667,6,8,2,0,14.3
Taj Gibson,Jan 20 2014,CHI,,LAL,tied,2-pt FG,M. Dunleavy,2,,32:00,12,3,11,.273,0,0,,6,7,.857,6,0,2,2,9.7
Andre Iguodala  (5),Jan 3 2014,GSW,@,ATL,-2,3-pt FG,S. Curry,26,,26:48,7,3,5,.600,1,3,.333,0,0,,3,5,1,0,10.5
Joe Johnson  (6),Jan 2 2014,BRK,@,OKC,tied,2-pt FG,unassisted,19,,30:21,9,4,11,.364,1,6,.167,0,0,,4,0,1,0,2.9
Jeff Teague,Dec 26 2013,ATL,@,CLE,tied,2-pt FG,unassisted,20,,48:44,34,14,24,.583,1,4,.250,5,7,.714,3,14,3,0,28.5
Evan Turner  (1),Dec 20 2013,PHI,,BRK,-1,2-pt FG,unassisted,2,,47:13,29,13,22,.591,1,4,.250,2,3,.667,10,5,1,0,19.9
Kemba Walker  (1),Dec 18 2013,CHA,@,TOR,tied,2-pt FG,J. McRoberts,18,,43:58,29,10,18,.556,4,7,.571,5,7,.714,5,1,3,0,17.2
Al Horford  (1),Dec 13 2013,ATL,,WAS,tied,2-pt FG,P. Antić,11,,41:00,34,15,23,.652,0,0,,4,5,.800,15,2,2,0,31.8
Monta Ellis  (3),Dec 7 2013,DAL,@,POR,tied,2-pt FG,J. Calderón,21,,39:11,20,8,17,.471,2,3,.667,2,2,1.000,1,4,1,0,10.8
Joe Johnson  (5),Nov 15 2013,BRK,@,PHO,tied,2-pt FG,unassisted,1,,44:47,13,6,19,.316,0,4,.000,1,2,.500,5,1,0,0,1.5
Andre Iguodala  (4),Nov 14 2013,GSW,,OKC,-1,2-pt FG,K. Thompson,16,,37:25,14,5,6,.833,2,2,1.000,2,2,1.000,1,9,1,1,18.1
Jeff Green  (3),Nov 9 2013,BOS,@,MIA,-2,3-pt FG,G. Wallace,24,,35:51,24,8,16,.500,5,8,.625,3,5,.600,5,1,0,1,17.7
LeBron James  (3),May 22 2013 p,MIA,,IND,-1,2-pt FG,unassisted,1,,46:33,30,12,24,.500,2,6,.333,4,7,.571,10,10,0,3,24.1
James Harden  (1),Apr 9 2013,HOU,,PHO,tied,3-pt FG,unassisted,25,,44:10,33,9,21,.429,2,8,.250,13,14,.929,6,6,3,1,21.0
Jeff Green  (2),Mar 27 2013,BOS,@,CLE,-1,2-pt FG,A. Bradley,At Rim,,41:26,21,7,18,.389,2,2,1.000,5,8,.625,7,5,2,1,15.1
Monta Ellis  (2),Feb 27 2013,MIL,@,HOU,tied,3-pt FG,B. Jennings,27,,44:37,27,9,24,.375,2,6,.333,7,11,.636,6,13,6,0,25.7
Joe Johnson  (4),Feb 19 2013,BRK,,MIL,tied,2-pt FG,unassisted,14,,44:01,24,10,18,.556,3,5,.600,1,1,1.000,5,5,0,0,21.2
LaMarcus Aldridge  (2),Jan 29 2013,POR,,DAL,tied,2-pt FG,W. Matthews,18,,41:47,29,12,20,.600,1,1,1.000,4,5,.800,13,3,1,2,28.0
DeMar DeRozan,Jan 24 2013,TOR,@,ORL,tied,2-pt FG,unassisted,22,,43:27,22,10,17,.588,0,0,,2,2,1.000,4,7,0,1,18.7
Jordan Crawford,Jan 21 2013,WAS,@,POR,tied,3-pt FG,M. Webster,31,,22:11,13,5,8,.625,3,4,.750,0,0,,1,1,0,0,8.2
James Johnson,Dec 28 2012,SAC,,NYK,-2,3-pt FG,J. Salmons,25,,28:32,17,8,14,.571,1,1,1.000,0,1,.000,7,3,1,1,13.9
J.R. Smith  (2),Dec 26 2012,NYK,@,PHO,tied,2-pt FG,J. Kidd,21,,37:05,27,11,27,.407,0,4,.000,5,6,.833,6,5,5,1,18.3
Joe Johnson  (3),Dec 14 2012,BRK,,DET,tied,2-pt FG,unassisted,23,,51:58,28,12,22,.545,2,7,.286,2,3,.667,4,5,0,0,20.3
Mo Williams  (4),Dec 12 2012,UTA,,SAS,tied,3-pt FG,unassisted,27,,32:02,8,3,9,.333,1,4,.250,1,2,.500,3,4,0,0,3.0
J.R. Smith  (1),Dec 5 2012,NYK,@,CHA,tied,2-pt FG,unassisted,18,,31:43,13,6,16,.375,1,9,.111,0,0,,1,4,1,2,5.1
Brandon Jennings,Nov 3 2012,MIL,,CLE,tied,3-pt FG,M. Dunleavy,26,,37:14,13,5,13,.385,1,5,.200,2,2,1.000,4,13,2,1,14.9
Tony Parker  (2),Nov 1 2012,SAS,,OKC,tied,2-pt FG,D. Green,21,,34:52,14,6,13,.462,1,2,.500,1,2,.500,3,11,0,0,13.7
LaMarcus Aldridge  (1),Apr 6 2012,POR,@,DAL,tied,2-pt FG,unassisted,17,,44:29,25,11,24,.458,0,0,,3,4,.750,12,2,0,1,18.9
Luol Deng,Mar 24 2012,CHI,,TOR,-1,2-pt FG,unassisted,2,,49:33,23,10,24,.417,0,6,.000,3,5,.600,10,4,2,1,18.5
Derrick Rose  (1),Mar 7 2012,CHI,@,MIL,tied,2-pt FG,unassisted,20,,39:17,30,8,22,.364,0,5,.000,14,14,1.000,8,11,1,1,26.0
Luke Ridnour  (2),Feb 22 2012,MIN,,UTA,tied,2-pt FG,J. Barea,8,,34:44,17,5,10,.500,1,3,.333,6,6,1.000,3,6,0,0,15.1
Kevin Love,Jan 20 2012,MIN,@,LAC,tied,3-pt FG,L. Ridnour,28,,36:21,17,5,16,.313,2,3,.667,5,6,.833,14,3,1,0,14.7
Kevin Durant  (3),Dec 29 2011,OKC,,DAL,-1,3-pt FG,T. Sefolosha,28,,41:10,30,10,16,.625,3,5,.600,7,9,.778,11,6,1,2,25.5
Nicolas Batum,Mar 25 2011,POR,,SAS,tied,2-pt FG,A. Miller,At Rim,,32:48,21,7,15,.467,3,7,.429,4,4,1.000,4,1,2,0,17.6
Jameer Nelson,Mar 18 2011,ORL,,DEN,tied,3-pt FG,unassisted,26,,35:10,13,5,12,.417,3,6,.500,0,0,,3,1,2,0,6.4
Al Jefferson,Mar 9 2011,UTA,@,TOR,tied,2-pt FG,unassisted,2,,42:08,34,17,24,.708,0,0,,0,0,,8,2,0,1,27.1
Channing Frye,Feb 27 2011,PHO,@,IND,tied,2-pt FG,S. Nash,23,,42:54,14,5,11,.455,3,7,.429,1,2,.500,10,1,1,1,11.7
Stephen Jackson,Feb 12 2011,CHA,@,ATL,tied,2-pt FG,unassisted,19,,42:57,32,12,24,.500,1,6,.167,7,8,.875,2,1,1,1,20.8
Arron Afflalo,Feb 10 2011,DEN,,DAL,-1,2-pt FG,C. Billups,19,,34:35,24,8,16,.500,4,8,.500,4,4,1.000,3,2,1,0,19.3
Antonio McDyess  (2),Feb 3 2011,SAS,@,LAL,-1,2-pt FG,unassisted,2,,29:36,8,3,10,.300,0,0,,2,2,1.000,8,5,0,1,8.6
Kevin Durant  (2),Jan 22 2011,OKC,,NYK,tied,3-pt FG,unassisted,25,,41:46,30,10,25,.400,3,8,.375,7,7,1.000,12,2,0,0,17.7
Tyreke Evans,Dec 29 2010,SAC,,MEM,-1,3-pt FG,D. Cousins,50,,38:05,21,8,17,.471,2,4,.500,3,5,.600,4,4,2,0,14.1
Mike Dunleavy,Dec 20 2010,IND,,NOH,-1,2-pt FG,unassisted,1,,27:30,8,3,11,.273,0,4,.000,2,2,1.000,3,4,2,1,6.1
Manu Ginóbili,Dec 15 2010,SAS,,MIL,tied,2-pt FG,unassisted,17,,30:29,26,9,13,.692,2,3,.667,6,9,.667,6,4,1,0,20.9
Andrew Bogut  (2),Dec 8 2010,MIL,,IND,tied,2-pt FG,L. Mbah a Moute,2,,37:37,17,5,14,.357,0,0,,7,10,.700,11,1,2,5,15.5
Derek Fisher  (3),Dec 8 2010,LAL,@,LAC,-1,2-pt FG,unassisted,3,,24:19,6,3,6,.500,0,1,.000,0,0,,4,2,2,0,5.0
Carmelo Anthony  (2),Nov 26 2010,DEN,,CHI,-1,2-pt FG,unassisted,23,,39:20,22,7,18,.389,0,1,.000,8,10,.800,6,8,0,1,16.7
Mo Williams  (3),Nov 24 2010,CLE,,MIL,tied,2-pt FG,unassisted,15,,32:36,25,11,22,.500,2,6,.333,1,1,1.000,4,5,1,0,15.9
Rudy Gay  (3),Nov 20 2010,MEM,,MIA,tied,2-pt FG,unassisted,13,,35:16,15,5,13,.385,0,3,.000,5,6,.833,8,2,0,1,8.4
Metta World Peace,May 27 2010 p,LAL,,PHO,tied,2-pt FG,unassisted,At Rim,,31:08,4,2,9,.222,0,3,.000,0,0,,5,2,3,1,2.3
Paul Pierce  (6),Apr 23 2010 p,BOS,@,MIA,tied,2-pt FG,unassisted,21,,43:47,32,11,23,.478,4,10,.400,6,8,.750,8,3,1,0,20.4
Carmelo Anthony  (1),Mar 26 2010,DEN,@,TOR,-1,2-pt FG,C. Billups,18,,40:53,25,10,22,.455,1,4,.250,4,6,.667,8,2,1,0,16.2
Josh Smith,Mar 24 2010,ATL,,ORL,tied,2-pt FG,unassisted,At Rim,,36:40,15,4,10,.400,0,0,,7,9,.778,7,3,1,4,12.6
Joe Johnson  (2),Mar 19 2010,ATL,,CHA,-1,2-pt FG,unassisted,21,,40:57,18,7,21,.333,1,1,1.000,3,4,.750,3,4,3,0,7.4
James Posey  (3),Jan 22 2010,NOH,@,MIN,tied,2-pt FG,unassisted,At Rim,,26:12,6,3,7,.429,0,4,.000,0,0,,3,1,0,0,2.3
Jamal Crawford  (2),Jan 15 2010,ATL,,PHO,-2,3-pt FG,M. Bibby,28,,30:34,21,6,15,.400,2,7,.286,7,7,1.000,1,4,1,0,12.8
Sundiata Gaines,Jan 14 2010,UTA,,CLE,-2,3-pt FG,R. Price,26,,9:25,9,3,3,1.000,1,1,1.000,2,3,.667,1,1,1,0,7.5
Gerald Wallace,Jan 9 2010,CHA,,MEM,tied,2-pt FG,unassisted,At Rim,,43:19,18,8,15,.533,0,2,.000,2,3,.667,8,1,1,3,14.3
Kobe Bryant  (8),Jan 1 2010,LAL,,SAC,-2,3-pt FG,P. Gasol,25,,47:15,39,13,27,.481,5,7,.714,8,11,.727,5,5,1,0,25.9
Baron Davis,Dec 27 2009,LAC,,BOS,tied,2-pt FG,R. Butler,22,,35:54,24,7,11,.636,1,3,.333,9,9,1.000,3,13,3,0,24.1
Kobe Bryant  (7),Dec 16 2009,LAL,@,MIL,-1,2-pt FG,unassisted,15,,49:59,39,13,28,.464,1,3,.333,12,12,1.000,7,4,0,0,20.9
Kobe Bryant  (6),Dec 4 2009,LAL,,MIA,-2,3-pt FG,unassisted,27,,42:18,33,12,25,.480,2,3,.667,7,8,.875,7,3,3,0,24.3
Kevin Garnett  (5),Nov 22 2009,BOS,@,NYK,tied,2-pt FG,P. Pierce,19,,32:21,10,4,15,.267,0,0,,2,2,1.000,7,1,0,0,0.1
Dirk Nowitzki  (2),Nov 16 2009,DAL,@,MIL,tied,2-pt FG,J. Kidd,18,,42:56,32,12,25,.480,1,2,.500,7,8,.875,11,3,2,1,26.2
Damien Wilkins,Oct 28 2009,MIN,,NJN,tied,2-pt FG,unassisted,9,,25:44,12,4,10,.400,0,0,,4,5,.800,10,2,4,0,14.0
LeBron James  (2),May 22 2009 p,CLE,,ORL,-2,3-pt FG,M. Williams,25,,42:32,35,12,23,.522,1,3,.333,10,12,.833,4,5,1,0,22.2
Glen Davis,May 10 2009 p,BOS,@,ORL,-1,2-pt FG,P. Pierce,21,,33:11,21,9,14,.643,0,0,,3,8,.375,6,0,0,0,10.8
Caron Butler  (2),Apr 10 2009,WAS,@,TOR,tied,2-pt FG,unassisted,20,,42:58,21,10,19,.526,0,2,.000,1,1,1.000,5,7,0,0,14.7
Rasual Butler,Mar 31 2009,NOH,@,SAC,-2,3-pt FG,D. Brown,25,,44:22,18,7,16,.438,4,7,.571,0,0,,3,1,1,1,12.9
Andre Iguodala  (3),Mar 17 2009,PHI,@,LAL,-2,3-pt FG,unassisted,25,,45:53,25,9,21,.429,1,7,.143,6,7,.857,2,2,2,1,16.2
Steve Novak,Mar 15 2009,LAC,,NJN,-1,3-pt FG,B. Davis,24,,23:58,21,7,11,.636,7,11,.636,0,0,,3,0,1,0,16.6
Dwyane Wade  (4),Mar 9 2009,MIA,,CHI,tied,3-pt FG,unassisted,24,,49:51,48,15,21,.714,5,6,.833,13,18,.722,6,12,4,3,49.0
Devin Harris  (2),Feb 23 2009,NJN,,PHI,-1,3-pt FG,unassisted,43,,41:42,39,11,22,.500,5,9,.556,12,14,.857,2,8,2,1,31.3
Caron Butler  (1),Feb 8 2009,WAS,,IND,tied,2-pt FG,unassisted,18,,40:18,35,12,24,.500,2,4,.500,9,10,.900,13,3,1,0,27.8
LeBron James  (1),Jan 23 2009,CLE,@,GSW,-1,2-pt FG,unassisted,19,,40:39,32,10,24,.417,2,5,.400,10,16,.625,9,8,3,2,27.5
Jeff Green  (1),Jan 21 2009,OKC,@,GSW,-1,2-pt FG,R. Westbrook,16,,32:14,26,9,14,.643,3,4,.750,5,5,1.000,4,3,0,0,20.3
Dirk Nowitzki  (1),Jan 19 2009,DAL,@,PHI,tied,2-pt FG,unassisted,17,,40:03,24,7,23,.304,0,2,.000,10,10,1.000,6,0,1,0,8.7
Chris Paul,Jan 19 2009,NOH,,IND,tied,3-pt FG,J. Posey,28,,38:58,27,8,15,.533,1,2,.500,10,12,.833,5,9,1,0,20.7
Danny Granger,Jan 7 2009,IND,@,PHO,tied,3-pt FG,M. Dunleavy,27,,37:57,37,13,27,.481,5,11,.455,6,7,.857,5,6,4,1,30.1
Tony Parker  (1),Jan 3 2009,SAS,,PHI,tied,2-pt FG,unassisted,15,,38:18,15,7,17,.412,1,2,.500,0,0,,3,10,0,0,10.2
Vince Carter  (4),Jan 2 2009,NJN,,ATL,-1,3-pt FG,unassisted,33,,42:07,18,6,18,.333,5,7,.714,1,2,.500,4,4,0,2,8.2
Roger Mason,Dec 25 2008,SAS,@,PHO,-2,3-pt FG,T. Parker,22,,26:41,7,3,7,.429,1,2,.500,0,0,,4,0,0,0,4.1
Devin Harris  (1),Dec 23 2008,NJN,@,IND,-1,2-pt FG,unassisted,22,,40:40,29,9,16,.563,0,1,.000,11,12,.917,5,11,2,0,29.6
Troy Murphy,Dec 2 2008,IND,,LAL,-1,2-pt FG,unassisted,1,,37:45,16,7,12,.583,2,4,.500,0,0,,17,3,2,0,18.4
Larry Hughes  (2),Nov 24 2008,CHI,@,UTA,-1,2-pt FG,unassisted,22,,29:28,16,5,10,.500,2,3,.667,4,4,1.000,5,0,1,0,12.9
Brandon Roy,Nov 6 2008,POR,,HOU,-1,3-pt FG,S. Blake,31,,40:07,17,6,18,.333,1,3,.333,4,4,1.000,7,5,1,0,8.0
Rudy Gay  (2),Oct 31 2008,MEM,,ORL,tied,2-pt FG,K. Lowry,18,,43:14,29,11,26,.423,0,4,.000,7,8,.875,4,1,1,2,14.5
Ramon Sessions,Apr 2 2008,MIL,@,WAS,-1,2-pt FG,A. Bogut,20,,24:00,8,4,6,.667,0,0,,0,0,,2,8,2,0,9.0
Michael Redd,Feb 26 2008,MIL,,CLE,tied,3-pt FG,unassisted,27,,40:47,25,7,17,.412,1,4,.250,10,11,.909,2,4,1,0,19.1
DeShawn Stevenson,Feb 25 2008,WAS,@,NOH,tied,3-pt FG,unassisted,25,,36:55,33,11,21,.524,4,10,.400,7,7,1.000,3,1,1,0,22.9
Leon Powe,Feb 8 2008,BOS,@,MIN,tied,2-pt FG,unassisted,At Rim,,27:26,16,8,10,.800,0,0,,0,0,,8,0,0,1,11.9
Peja Stojaković,Feb 6 2008,NOH,@,PHO,tied,2-pt FG,unassisted,22,,47:54,26,12,19,.632,2,3,.667,0,0,,6,0,1,0,20.7
Kevin Martin  (2),Jan 27 2008,SAC,@,SEA,tied,2-pt FG,unassisted,14,,36:23,26,8,17,.471,2,6,.333,8,9,.889,4,4,0,0,17.7
Hedo Türkoğlu,Jan 27 2008,ORL,,BOS,tied,3-pt FG,unassisted,25,,39:34,27,8,18,.444,3,7,.429,8,9,.889,6,3,0,1,18.6
Rashard Lewis,Jan 21 2008,ORL,,DET,tied,2-pt FG,unassisted,12,,38:34,16,7,16,.438,2,6,.333,0,0,,6,0,1,1,7.3
Jerry Stackhouse  (4),Jan 12 2008,DAL,@,LAC,-2,3-pt FG,J. Terry,26,,27:55,13,4,12,.333,2,6,.333,3,3,1.000,1,2,1,0,6.5
Linas Kleiza,Dec 23 2007,DEN,@,SAC,-1,2-pt FG,unassisted,22,,26:38,12,5,12,.417,2,5,.400,0,0,,9,3,0,2,11.4
Dwyane Wade  (3),Dec 22 2007,MIA,,UTA,tied,2-pt FG,unassisted,20,,35:35,20,6,14,.429,0,0,,8,10,.800,3,6,1,1,15.0
Andre Iguodala  (2),Dec 22 2007,PHI,@,MEM,tied,2-pt FG,unassisted,20,,37:25,23,9,21,.429,1,3,.333,4,6,.667,2,1,3,0,14.2
Rudy Gay  (1),Dec 19 2007,MEM,,SAS,tied,3-pt FG,unassisted,27,,44:19,23,10,22,.455,1,3,.333,2,3,.667,9,3,1,2,14.2
Joe Johnson  (1),Dec 6 2007,ATL,,MIN,-1,2-pt FG,unassisted,22,,46:57,21,8,21,.381,1,5,.200,4,5,.800,9,4,2,0,13.4
Travis Outlaw,Dec 3 2007,POR,@,MEM,-1,2-pt FG,unassisted,6,,30:10,21,8,13,.615,3,3,1.000,2,2,1.000,7,2,0,2,20.4
Ray Allen  (3),Nov 24 2007,BOS,@,CHA,-2,3-pt FG,P. Pierce,29,,41:27,14,4,15,.267,1,6,.167,5,5,1.000,4,5,0,0,8.2
Kevin Durant  (1),Nov 16 2007,SEA,@,ATL,tied,3-pt FG,E. Watson,28,,44:38,21,8,18,.444,1,5,.200,4,4,1.000,3,2,3,3,14.6
Kevin Garnett  (4),Mar 25 2007,MIN,,POR,-1,2-pt FG,T. Hassell,15,,34:54,22,10,19,.526,0,0,,2,4,.500,9,1,1,0,11.9
Gilbert Arenas  (5),Mar 21 2007,WAS,@,SEA,tied,2-pt FG,unassisted,At Rim,,38:14,42,13,24,.542,6,12,.500,10,12,.833,4,7,2,1,34.4
Steve Francis,Mar 10 2007,NYK,@,WAS,-2,3-pt FG,unassisted,26,,38:38,26,8,19,.421,5,10,.500,5,7,.714,7,3,1,0,11.3
Desmond Mason,Feb 7 2007,NOK,@,DEN,tied,2-pt FG,unassisted,5,,35:38,23,10,14,.714,0,0,,3,5,.600,6,1,1,1,18.6
Tyronn Lue,Feb 4 2007,ATL,@,NJN,tied,2-pt FG,unassisted,22,,16:59,9,3,4,.750,1,1,1.000,2,2,1.000,1,0,0,0,7.3
Vince Carter  (3),Jan 29 2007,NJN,@,UTA,-2,3-pt FG,unassisted,35,,29:13,33,10,15,.667,3,4,.750,10,13,.769,3,3,1,0,26.7
Eddie Jones  (2),Jan 24 2007,MEM,@,UTA,tied,2-pt FG,unassisted,22,,32:24,19,7,11,.636,3,6,.500,2,2,1.000,3,2,2,0,17.4
Monta Ellis  (1),Jan 24 2007,GSW,,NJN,-1,2-pt FG,B. Davis,17,,39:04,20,8,14,.571,0,4,.000,4,5,.800,2,6,2,0,15.8
Gilbert Arenas  (4),Jan 15 2007,WAS,,UTA,tied,3-pt FG,unassisted,25,,41:19,51,14,29,.483,7,12,.583,16,17,.941,3,5,1,0,39.5
Kevin Garnett  (3),Jan 5 2007,MIN,,PHI,tied,2-pt FG,T. Hassell,15,,44:37,25,10,23,.435,0,1,.000,5,7,.714,14,5,1,1,17.9
Gilbert Arenas  (3),Jan 3 2007,WAS,,MIL,tied,3-pt FG,unassisted,32,,43:55,32,12,25,.480,4,9,.444,4,5,.800,11,8,4,0,28.0
David Lee,Dec 20 2006,NYK,,CHA,tied,2-pt FG,J. Crawford,At Rim,,49:04,10,4,8,.500,0,0,,2,2,1.000,19,3,0,0,8.4
T.J. Ford,Dec 20 2006,TOR,@,LAC,tied,2-pt FG,unassisted,12,,29:11,14,4,12,.333,0,0,,6,6,1.000,0,9,2,0,12.9
Stephon Marbury  (2),Dec 18 2006,NYK,,UTA,-1,2-pt FG,unassisted,At Rim,,45:06,29,9,20,.450,2,6,.333,9,13,.692,5,8,1,0,21.5
Paul Pierce  (5),Dec 9 2006,BOS,@,NJN,tied,2-pt FG,unassisted,22,,38:01,17,4,18,.222,0,3,.000,9,10,.900,6,4,0,1,7.5
James Posey  (2),Dec 2 2006,MIA,@,MEM,-2,3-pt FG,J. Williams,26,,27:16,6,2,4,.500,2,4,.500,0,0,,5,0,3,1,7.4
Luke Ridnour  (1),Dec 1 2006,SEA,,IND,tied,2-pt FG,unassisted,3,,31:58,17,8,16,.500,1,3,.333,0,2,.000,3,6,1,0,10.5
Delonte West,Nov 8 2006,BOS,,CHA,tied,2-pt FG,P. Pierce,22,,24:20,7,3,10,.300,1,3,.333,0,0,,1,4,1,0,2.9
Kobe Bryant  (5),Apr 30 2006 p,LAL,,PHO,-1,2-pt FG,unassisted,17,,38:30,24,9,14,.643,0,1,.000,6,8,.750,4,8,0,0,15.2
Kevin Martin  (1),Apr 28 2006 p,SAC,,SAS,-1,2-pt FG,M. Bibby,At Rim,,27:52,10,3,7,.429,0,2,.000,4,4,1.000,6,0,1,0,8.7
Josh Childress,Apr 5 2006,ATL,,MIN,tied,2-pt FG,Z. Pachulia,At Rim,,34:19,10,3,7,.429,0,1,.000,4,7,.571,8,0,1,2,7.5
Jason Richardson,Mar 23 2006,GSW,@,DAL,-2,3-pt FG,unassisted,24,,40:47,40,14,23,.609,5,10,.500,7,8,.875,3,4,3,1,35.5
Damon Jones,Mar 8 2006,CLE,@,TOR,-2,3-pt FG,L. James,23,,20:25,8,3,7,.429,2,6,.333,0,0,,3,3,0,0,6.1
Paul Pierce  (4),Mar 7 2006,BOS,@,WAS,-1,2-pt FG,unassisted,18,,42:36,31,8,20,.400,3,7,.429,12,14,.857,5,4,1,0,16.5
David West,Feb 13 2006,NOK,,WAS,-1,2-pt FG,D. Mason,21,,39:49,19,7,14,.500,0,0,,5,5,1.000,9,2,1,0,14.1
Pau Gasol  (2),Feb 13 2006,MEM,@,GSW,tied,2-pt FG,unassisted,4,,40:54,23,10,26,.385,0,0,,3,6,.500,13,6,0,2,16.3
Ray Allen  (2),Jan 22 2006,SEA,@,PHO,tied,3-pt FG,unassisted,35,,51:04,42,14,28,.500,8,16,.500,6,7,.857,6,3,2,1,31.6
Andre Iguodala  (1),Jan 22 2006,PHI,@,MIN,tied,2-pt FG,unassisted,10,,39:11,14,6,11,.545,0,0,,2,3,.667,8,1,0,0,9.8
Ben Gordon,Jan 18 2006,CHI,,NYK,tied,2-pt FG,unassisted,22,,45:41,32,14,28,.500,1,5,.200,3,3,1.000,2,2,2,0,18.4
Andrew Bogut  (1),Dec 20 2005,MIL,,SAS,tied,2-pt FG,T. Kukoč,8,,28:05,19,8,14,.571,0,0,,3,6,.500,9,0,1,2,16.9
Bonzi Wells,Dec 13 2005,SAC,@,MIN,-1,3-pt FG,B. Miller,24,,41:24,20,8,16,.500,2,2,1.000,2,3,.667,7,4,1,1,17.2
Mo Williams  (2),Dec 2 2005,MIL,@,WAS,tied,3-pt FG,unassisted,27,,34:47,35,15,21,.714,5,7,.714,0,0,,3,6,0,0,30.4
Jason Terry  (2),Nov 28 2005,DAL,@,TOR,tied,2-pt FG,M. Daniels,9,,41:19,26,11,18,.611,4,6,.667,0,2,.000,1,6,3,1,24.4
Nate Robinson,Nov 26 2005,NYK,,PHI,tied,3-pt FG,S. Marbury,23,,32:48,17,7,19,.368,2,6,.333,1,1,1.000,6,1,2,0,6.8
Mo Williams  (1),Nov 12 2005,MIL,,IND,-2,3-pt FG,B. Simmons,29,,24:57,19,7,11,.636,3,4,.750,2,2,1.000,2,1,1,0,11.2
Pau Gasol  (1),Nov 12 2005,MEM,@,ATL,-1,2-pt FG,unassisted,At Rim,,38:12,20,6,12,.500,0,0,,8,10,.800,9,2,0,4,15.7
Ricky Davis,Nov 9 2005,BOS,,MEM,-1,2-pt FG,P. Pierce,15,,42:08,18,6,10,.600,1,1,1.000,5,6,.833,5,3,2,0,16.0
Richard Hamilton,Nov 4 2005,DET,@,BOS,-1,2-pt FG,T. Prince,17,,40:10,26,11,19,.579,0,0,,4,4,1.000,4,1,2,0,13.4
Gilbert Arenas  (2),May 4 2005 p,WAS,@,CHI,tied,2-pt FG,unassisted,14,,48:00,16,5,14,.357,0,6,.000,6,9,.667,6,8,1,0,10.6
Mike Miller,Apr 18 2005,MEM,,SAS,tied,2-pt FG,J. Williams,22,,33:36,28,12,21,.571,4,8,.500,0,3,.000,9,2,0,0,21.0
Mike Sweetney,Apr 10 2005,NYK,@,IND,-1,2-pt FG,unassisted,1,,36:44,20,8,15,.533,0,0,,4,9,.444,9,1,0,0,13.9
Derek Fisher  (2),Mar 25 2005,GSW,,MIL,-2,3-pt FG,J. Richardson,28,,16:10,5,2,6,.333,1,3,.333,0,0,,3,3,0,0,3.0
Dwyane Wade  (2),Mar 15 2005,MIA,@,NYK,tied,2-pt FG,unassisted,18,,38:17,24,8,15,.533,1,1,1.000,7,8,.875,3,5,1,1,16.8
Mike Bibby  (2),Mar 8 2005,SAC,,MEM,tied,3-pt FG,P. Stojaković,33,,44:45,26,9,22,.409,2,4,.500,6,6,1.000,3,5,2,0,19.4
Tim Duncan  (3),Feb 28 2005,SAS,@,CLE,tied,2-pt FG,T. Parker,19,,31:53,20,9,17,.529,0,0,,2,4,.500,11,3,0,1,12.2
Nick Van Exel  (2),Feb 14 2005,POR,@,CHA,tied,3-pt FG,D. Anderson,29,,36:53,9,4,11,.364,1,4,.250,0,0,,5,3,1,0,4.9
Tim Thomas  (2),Feb 13 2005,NYK,,CHA,tied,3-pt FG,K. Thomas,23,,33:29,7,3,6,.500,1,3,.333,0,0,,5,4,0,0,3.5
Scott Padgett,Jan 21 2005,HOU,@,NYK,-1,2-pt FG,unassisted,6,,20:12,12,4,8,.500,2,2,1.000,2,2,1.000,4,1,0,0,7.1
Mehmet Okur,Jan 10 2005,UTA,,SAS,-1,2-pt FG,unassisted,At Rim,,36:48,23,7,11,.636,0,1,.000,9,10,.900,11,2,0,1,24.1
Quentin Richardson,Dec 20 2004,PHO,@,DEN,tied,2-pt FG,unassisted,At Rim,,42:15,19,7,13,.538,2,6,.333,3,4,.750,7,1,3,1,18.2
Chris Webber  (2),Dec 14 2004,SAC,@,MIL,tied,3-pt FG,M. Bibby,26,,36:31,23,11,24,.458,1,1,1.000,0,0,,6,4,1,1,12.7
Shareef Abdur-Rahim  (2),Dec 9 2004,POR,,BOS,-1,3-pt FG,D. Anderson,25,,39:27,15,6,16,.375,1,2,.500,2,2,1.000,14,1,2,0,11.5
Dwyane Wade  (1),Nov 19 2004,MIA,,UTA,tied,2-pt FG,unassisted,20,,46:53,39,12,22,.545,0,0,,15,21,.714,4,8,3,2,30.6
Jamal Crawford  (1),Nov 18 2004,NYK,@,HOU,-2,3-pt FG,A. Hardaway,26,,39:41,19,7,18,.389,5,11,.455,0,0,,5,8,2,0,17.9
Allen Iverson,Nov 12 2004,PHI,,IND,tied,2-pt FG,unassisted,14,,43:42,15,5,23,.217,0,3,.000,5,6,.833,5,9,2,0,2.9
Paul Pierce  (3),Nov 10 2004,BOS,,POR,tied,2-pt FG,unassisted,21,,40:29,20,6,13,.462,2,4,.500,6,9,.667,6,2,1,0,12.3
Derek Fisher  (1),May 13 2004 p,LAL,@,SAS,-1,2-pt FG,G. Payton,16,,24:18,8,3,7,.429,1,2,.500,1,2,.500,2,2,1,0,6.5
Kobe Bryant  (4),Apr 14 2004,LAL,@,POR,-2,3-pt FG,G. Payton,26,,53:28,37,14,31,.452,4,10,.400,5,9,.556,8,5,1,1,23.3
Chris Wilcox,Apr 13 2004,LAC,@,PHO,tied,2-pt FG,unassisted,At Rim,,24:27,24,11,15,.733,0,0,,2,3,.667,13,1,1,2,23.7
Gilbert Arenas  (1),Apr 9 2004,WAS,@,PHI,tied,3-pt FG,unassisted,27,,43:20,22,7,19,.368,5,11,.455,3,4,.750,2,9,2,0,15.2
Carlos Arroyo,Mar 27 2004,UTA,,DEN,tied,2-pt FG,R. Bell,15,,38:38,19,9,18,.500,1,2,.500,0,0,,6,10,0,1,15.5
Jamaal Magloire,Mar 23 2004,NOH,,DET,-1,2-pt FG,unassisted,11,,35:02,17,6,10,.600,0,0,,5,6,.833,13,2,0,2,18.5
Jamal Mashburn,Mar 3 2004,NOH,,CHI,tied,3-pt FG,unassisted,25,,45:51,27,9,26,.346,3,5,.600,6,10,.600,7,2,1,0,13.9
Jim Jackson,Feb 6 2004,HOU,,CHI,tied,2-pt FG,C. Mobley,22,,42:10,14,5,15,.333,1,3,.333,3,3,1.000,10,4,1,0,8.7
Antoine Walker  (3),Jan 27 2004,DAL,@,SEA,tied,2-pt FG,M. Finley,21,,39:27,17,8,14,.571,0,5,.000,1,2,.500,8,7,0,0,14.5
Kobe Bryant  (3),Dec 19 2003,LAL,,DEN,tied,2-pt FG,D. George,21,,30:50,13,5,14,.357,0,2,.000,3,4,.750,3,5,0,0,5.2
Glen Rice  (3),Dec 10 2003,LAC,,DAL,-1,2-pt FG,unassisted,15,,19:39,6,3,9,.333,0,4,.000,0,0,,6,1,1,0,4.8
Kevin Garnett  (2),Dec 7 2003,MIN,@,LAC,tied,2-pt FG,unassisted,21,,38:47,24,9,17,.529,0,0,,6,6,1.000,8,5,3,4,22.6
Ronald Murray,Nov 11 2003,SEA,@,MIN,tied,2-pt FG,unassisted,13,,35:11,29,9,18,.500,0,2,.000,11,12,.917,6,8,1,0,27.2
Stephon Marbury  (1),Apr 19 2003 p,PHO,@,SAS,-2,3-pt FG,unassisted,25,,53:00,26,9,28,.321,1,4,.250,7,8,.875,2,6,2,0,12.4
Kobe Bryant  (2),Apr 4 2003,LAL,@,MEM,-1,2-pt FG,unassisted,21,,40:09,21,7,15,.467,3,5,.600,4,4,1.000,7,6,1,0,14.4
Shareef Abdur-Rahim  (1),Apr 3 2003,ATL,,WAS,tied,2-pt FG,A. Henderson,17,,42:50,24,9,18,.500,0,2,.000,6,6,1.000,7,4,0,0,16.1
Chauncey Billups,Mar 9 2003,DET,,GSW,-1,3-pt FG,unassisted,28,,43:40,31,11,15,.733,1,4,.250,8,9,.889,2,8,1,0,29.1
Robert Horry  (3),Mar 5 2003,LAL,,IND,tied,2-pt FG,unassisted,23,,34:45,8,3,9,.333,2,6,.333,0,0,,4,6,1,0,6.9
Andrei Kirilenko,Mar 2 2003,UTA,@,NJN,-1,2-pt FG,unassisted,At Rim,,28:06,15,6,11,.545,0,1,.000,3,4,.750,6,2,4,2,17.3
Wally Szczerbiak,Feb 11 2003,MIN,,DAL,tied,2-pt FG,A. Peeler,17,,35:44,21,8,11,.727,3,4,.750,2,2,1.000,8,3,1,1,18.9
Tim Duncan  (2),Jan 24 2003,SAS,@,UTA,-1,2-pt FG,unassisted,16,,42:16,29,9,20,.450,0,0,,11,17,.647,17,6,1,3,23.8
Jermaine O'Neal,Jan 18 2003,IND,,DET,tied,2-pt FG,E. Strickland,19,,42:11,17,8,18,.444,0,0,,1,6,.167,9,1,1,3,7.7
Jason Terry  (1),Dec 27 2002,ATL,,SAS,tied,2-pt FG,unassisted,15,,40:00,15,6,14,.429,3,5,.600,0,0,,2,7,2,0,12.3
Robert Traylor,Dec 20 2002,NOH,@,SEA,tied,2-pt FG,unassisted,At Rim,,7:01,2,1,4,.250,0,0,,0,2,.000,4,0,0,0,0.4
Rasheed Wallace  (2),Dec 20 2002,POR,@,GSW,tied,2-pt FG,S. Pippen,16,,29:08,16,6,15,.400,0,2,.000,4,4,1.000,4,3,0,2,11.2
Ryan Bowen,Nov 23 2002,DEN,@,PHO,-1,2-pt FG,D. Harvey,At Rim,,18:08,4,2,2,1.000,0,0,,0,0,,2,0,1,1,4.3
James Posey  (1),Nov 22 2002,DEN,,LAC,tied,2-pt FG,D. Harvey,17,,40:30,16,6,19,.316,1,3,.333,3,4,.750,7,3,0,1,7.8
David Wesley,Nov 19 2002,NOH,,PHI,-1,2-pt FG,unassisted,8,,38:19,6,3,10,.300,0,4,.000,0,0,,2,1,0,0,-0.7
Jerry Stackhouse  (3),Nov 8 2002,WAS,,LAL,-1,2-pt FG,B. Russell,2,,38:18,29,9,23,.391,0,1,.000,11,11,1.000,6,1,0,0,16.0
Tim Duncan  (1),Nov 4 2002,SAS,@,MEM,tied,2-pt FG,S. Kerr,13,,49:22,29,14,27,.519,0,0,,1,2,.500,14,5,2,2,22.8
Robert Horry  (2),May 26 2002 p,LAL,,SAC,-2,3-pt FG,unassisted,25,,44:13,18,5,7,.714,3,5,.600,5,6,.833,14,5,1,1,23.1
Jeff McInnis,Mar 29 2002,LAC,@,PHO,tied,2-pt FG,unassisted,20,,30:00,20,7,13,.538,3,4,.750,3,4,.750,6,7,1,0,20.4
Lamond Murray,Mar 19 2002,CLE,,NJN,tied,3-pt FG,A. Miller,24,,28:44,17,7,15,.467,1,4,.250,2,2,1.000,6,1,1,1,12.9
Jalen Rose,Mar 16 2002,CHI,@,HOU,tied,2-pt FG,unassisted,15,,56:16,44,18,34,.529,3,4,.750,5,5,1.000,11,6,2,1,37.0
Jon Barry,Mar 7 2002,DET,@,WAS,tied,3-pt FG,D. Jones,24,,26:20,13,4,4,1.000,2,2,1.000,3,3,1.000,4,5,2,0,15.1
Eddie Jones  (1),Mar 5 2002,MIA,@,DET,tied,2-pt FG,unassisted,15,,41:43,24,10,18,.556,3,5,.600,1,1,1.000,3,1,1,0,16.4
Kobe Bryant  (1),Feb 22 2002,LAL,@,CHH,tied,2-pt FG,unassisted,18,,43:58,21,8,19,.421,0,3,.000,5,6,.833,9,6,3,1,16.5
Lee Nailon,Feb 1 2002,CHH,@,HOU,-1,2-pt FG,E. Campbell,20,,38:14,16,8,18,.444,0,0,,0,0,,2,1,1,1,7.4
Michael Jordan  (9),Jan 31 2002,WAS,@,CLE,-1,2-pt FG,P. Jones,15,,39:35,26,11,27,.407,0,1,.000,4,4,1.000,5,8,1,0,16.0
Moochie Norris  (3),Jan 8 2002,HOU,,NYK,-1,3-pt FG,S. Francis,23,,25:12,13,5,7,.714,2,2,1.000,1,2,.500,4,4,0,0,11.7
Anfernee Hardaway  (2),Dec 9 2001,PHO,@,TOR,-1,2-pt FG,R. Rogers,At Rim,,40:00,27,11,24,.458,1,2,.500,4,4,1.000,3,3,2,0,18.2
Paul Pierce  (2),Nov 27 2001,BOS,@,MIA,-1,2-pt FG,unassisted,At Rim,,30:52,33,13,23,.565,2,4,.500,5,6,.833,4,1,3,2,19.8
Moochie Norris  (2),Nov 4 2001,HOU,@,PHO,tied,3-pt FG,S. Francis,25,,18:49,9,4,5,.800,1,1,1.000,0,0,,3,6,1,0,12.2
Shammond Williams,Mar 1 2001,SEA,@,CLE,tied,2-pt FG,D. Mason,20,,40:15,19,6,17,.353,3,8,.375,4,4,1.000,7,5,0,0,13.7
Antonio McDyess  (1),Jan 27 2001,DEN,,DAL,tied,2-pt FG,unassisted,At Rim,,41:22,11,5,13,.385,0,0,,1,2,.500,19,2,1,4,11.8
Howard Eisley,Jan 17 2001,DAL,@,CHH,-2,3-pt FG,D. Nowitzki,24,,41:33,23,7,15,.467,2,3,.667,7,7,1.000,3,8,1,0,21.8
Elton Brand,Jan 4 2001,CHI,,WAS,tied,2-pt FG,B. Drew,19,,42:07,30,12,17,.706,0,0,,6,8,.750,9,8,1,4,31.2
Vin Baker,Dec 30 2000,SEA,,CHH,tied,2-pt FG,B. Barry,19,,27:42,15,7,14,.500,0,0,,1,4,.250,6,4,0,2,10.4
Milt Palacio,Dec 28 2000,BOS,@,NJN,-2,3-pt FG,unassisted,30,,17:05,3,1,1,1.000,1,1,1.000,0,0,,0,1,2,0,4.0
Ray Allen  (1),Dec 21 2000,MIL,,NJN,tied,2-pt FG,unassisted,15,,39:30,16,5,16,.313,0,4,.000,6,7,.857,9,4,5,0,13.7
Moochie Norris  (1),Dec 14 2000,HOU,@,GSW,tied,3-pt FG,C. Mobley,35,,19:13,6,1,3,.333,1,1,1.000,3,4,.750,2,4,0,0,6.9
Paul Pierce  (1),Dec 10 2000,BOS,,DEN,tied,2-pt FG,M. Palacio,18,,43:05,28,7,14,.500,1,3,.333,13,16,.813,7,5,1,1,21.5
Sam Cassell  (2),Nov 28 2000,MIL,@,MIA,-2,3-pt FG,G. Robinson,26,,38:26,15,6,17,.353,1,2,.500,2,2,1.000,5,5,0,0,7.5
Michael Finley  (3),Nov 10 2000,DAL,,SAS,tied,2-pt FG,unassisted,22,,42:11,20,10,20,.500,0,2,.000,0,0,,6,4,1,0,10.2
Elden Campbell  (2),Apr 10 2000,CHH,@,WAS,tied,2-pt FG,A. Mason,19,,33:16,15,4,12,.333,0,1,.000,7,13,.538,7,1,0,4,8.6
Kevin Garnett  (1),Apr 10 2000,MIN,,DET,tied,2-pt FG,S. Mitchell,12,,39:08,25,6,14,.429,0,0,,13,15,.867,9,4,1,1,23.0
Tim Hardaway  (2),Apr 9 2000,MIA,,NYK,-2,3-pt FG,unassisted,25,,39:28,16,6,21,.286,2,9,.222,2,2,1.000,7,10,2,0,13.2
Mike Bibby  (1),Apr 4 2000,VAN,,HOU,tied,2-pt FG,unassisted,At Rim,,41:21,27,11,20,.550,2,4,.500,3,4,.750,4,10,2,0,24.4
Charles Oakley,Mar 28 2000,TOR,@,CLE,tied,3-pt FG,V. Carter,24,,24:48,7,3,8,.375,1,1,1.000,0,0,,8,2,2,4,8.0
Erick Strickland,Mar 21 2000,DAL,,SAS,-1,2-pt FG,unassisted,At Rim,,39:43,14,7,14,.500,0,2,.000,0,0,,2,2,1,0,9.6
Vince Carter  (2),Mar 8 2000,TOR,@,LAC,-2,3-pt FG,T. McGrady,31,,39:56,23,9,21,.429,2,4,.500,3,6,.500,5,5,1,0,14.3
Pat Garrity,Mar 6 2000,ORL,@,WAS,tied,2-pt FG,unassisted,19,,15:16,5,2,6,.333,1,3,.333,0,0,,1,1,1,0,2.4
Keith Van Horn  (2),Mar 2 2000,NJN,@,DAL,-1,2-pt FG,unassisted,16,,33:35,23,10,16,.625,2,4,.500,1,2,.500,11,1,1,1,19.1
Vince Carter  (1),Mar 1 2000,TOR,@,BOS,-1,3-pt FG,unassisted,23,,40:55,28,11,23,.478,3,4,.750,3,4,.750,5,4,0,0,16.4
Larry Hughes  (1),Feb 9 2000,PHI,,NJN,tied,2-pt FG,unassisted,At Rim,,15:27,4,2,8,.250,0,1,.000,0,0,,5,0,0,0,1.5
Glenn Robinson,Feb 3 2000,MIL,@,UTA,tied,3-pt FG,V. Del Negro,26,,38:04,30,11,21,.524,4,4,1.000,4,4,1.000,3,2,0,0,19.8
Tim Thomas  (1),Jan 29 2000,MIL,@,SEA,tied,2-pt FG,V. Del Negro,15,,31:42,16,6,14,.429,1,3,.333,3,3,1.000,3,1,0,0,9.4
Michael Dickerson,Jan 27 2000,VAN,,NJN,tied,2-pt FG,D. Scott,16,,41:00,29,8,19,.421,2,5,.400,11,12,.917,3,3,2,1,21.4
Chuck Person  (4),Jan 26 2000,SEA,,NJN,tied,3-pt FG,E. Davis,29,,3:06,3,1,1,1.000,1,1,1.000,0,0,,1,1,0,0,3.7
Malik Sealy  (2),Jan 17 2000,MIN,,IND,-2,3-pt FG,S. Mitchell,25,,41:11,16,7,16,.438,1,1,1.000,1,1,1.000,7,4,0,1,12.8
Terry Mills  (2),Dec 30 1999,DET,,ATL,-2,3-pt FG,G. Hill,23,,30:37,17,6,9,.667,5,7,.714,0,0,,3,2,0,2,15.2
Malik Sealy  (1),Dec 27 1999,MIN,@,ORL,tied,2-pt FG,unassisted,At Rim,,27:00,11,5,9,.556,0,0,,1,2,.500,5,1,1,0,7.5
Eric Snow,Dec 20 1999,PHI,,DET,-1,2-pt FG,A. McKie,16,,41:02,10,5,12,.417,0,0,,0,0,,5,12,3,0,12.5
Aaron McKie,Dec 3 1999,PHI,@,CLE,tied,2-pt FG,unassisted,12,,48:00,25,10,17,.588,1,3,.333,4,4,1.000,6,7,2,0,22.0
Hersey Hawkins  (2),Apr 15 1999,SEA,@,SAC,-2,3-pt FG,G. Payton,24,,41:49,15,5,15,.333,1,4,.250,4,4,1.000,7,3,3,0,10.9
Lindsey Hunter,Apr 9 1999,DET,@,IND,-2,3-pt FG,G. Hill,27,,34:32,17,7,13,.538,3,5,.600,0,0,,3,2,3,0,14.2
Jerry Stackhouse  (2),Mar 21 1999,DET,,UTA,tied,3-pt FG,G. Hill,27,,41:47,32,9,17,.529,3,4,.750,11,17,.647,4,4,3,0,26.3
Darrell Armstrong,Mar 15 1999,ORL,,PHI,-1,2-pt FG,unassisted,At Rim,,36:29,14,5,17,.294,1,5,.200,3,3,1.000,3,6,4,0,9.8
Sean Elliott  (2),Mar 12 1999,SAS,@,PHO,tied,2-pt FG,unassisted,21,,38:58,16,7,12,.583,1,2,.500,1,2,.500,4,3,3,2,16.1
Keith Van Horn  (1),Mar 1 1999,NJN,@,BOS,tied,2-pt FG,unassisted,8,,37:19,20,9,23,.391,0,3,.000,2,4,.500,11,4,3,1,13.5
Randy Brown,Feb 28 1999,CHI,@,TOR,tied,2-pt FG,B. Barry,19,,41:23,17,7,12,.583,0,0,,3,3,1.000,9,3,0,0,13.4
Tom Hammonds,Apr 18 1998,MIN,@,MIL,tied,2-pt FG,unassisted,18,,30:32,17,5,11,.455,0,0,,7,7,1.000,7,1,1,1,10.8
Antoine Walker  (2),Apr 3 1998,BOS,@,DET,-1,2-pt FG,unassisted,19,,42:14,31,13,23,.565,1,2,.500,4,7,.571,12,5,2,0,26.0
Voshon Lenard  (2),Mar 15 1998,MIA,@,ORL,tied,3-pt FG,B. Barry,26,,23:43,15,5,11,.455,2,4,.500,3,4,.750,1,0,2,0,8.8
David Robinson  (2),Mar 10 1998,SAS,,NJN,-1,2-pt FG,C. Person,At Rim,,34:41,19,7,14,.500,0,0,,5,8,.625,16,2,2,6,20.6
Michael Finley  (2),Feb 13 1998,DAL,@,IND,tied,3-pt FG,D. Scott,27,,56:53,32,13,36,.361,3,6,.500,3,5,.600,8,6,4,2,17.6
Michael Jordan  (8),Feb 13 1998,CHI,,ATL,tied,2-pt FG,unassisted,15,,36:03,37,14,22,.636,0,1,.000,9,12,.750,7,1,1,0,29.0
Antoine Walker  (1),Jan 28 1998,BOS,,WAS,tied,2-pt FG,C. Billups,17,,37:28,18,5,13,.385,0,3,.000,8,9,.889,7,3,1,0,11.9
Kenny Anderson  (2),Jan 20 1998,POR,@,CLE,tied,2-pt FG,unassisted,20,,42:56,10,4,12,.333,2,3,.667,0,0,,1,9,1,0,6.0
Glen Rice  (2),Dec 22 1997,CHH,,TOR,tied,2-pt FG,unassisted,At Rim,,44:16,16,7,16,.438,1,2,.500,1,2,.500,6,1,2,0,9.9
Chris Webber  (1),Dec 20 1997,WAS,@,TOR,tied,2-pt FG,unassisted,At Rim,,42:58,28,13,23,.565,0,1,.000,2,5,.400,12,2,3,1,18.4
Reggie Miller  (2),Dec 7 1997,IND,@,PHO,tied,2-pt FG,unassisted,13,,40:56,19,8,20,.400,2,5,.400,1,3,.333,4,3,1,0,8.5
Rasheed Wallace  (1),Nov 24 1997,POR,@,TOR,-1,2-pt FG,unassisted,At Rim,,41:48,16,6,13,.462,0,0,,4,4,1.000,5,3,1,3,12.4
David Robinson  (1),Nov 11 1997,SAS,@,MIN,-1,2-pt FG,unassisted,At Rim,,35:47,36,12,24,.500,0,0,,12,15,.800,16,6,0,1,32.1
Tim Hardaway  (1),Nov 1 1997,MIA,@,WAS,-1,2-pt FG,unassisted,12,,39:37,26,10,22,.455,2,5,.400,4,5,.800,3,11,2,0,20.2
Michael Jordan  (7),Jun 1 1997 p,CHI,,UTA,tied,2-pt FG,unassisted,19,,40:52,31,13,27,.481,0,0,,5,7,.714,4,8,0,1,23.2
John Stockton  (4),May 29 1997 p,UTA,@,HOU,tied,3-pt FG,B. Russell,25,,37:51,25,8,15,.533,3,6,.500,6,6,1.000,2,13,2,0,25.0
Eddie Johnson  (2),May 25 1997 p,HOU,,UTA,tied,3-pt FG,M. Maloney,27,,24:04,7,2,5,.400,2,3,.667,1,1,1.000,2,0,0,0,4.9
Shaquille O'Neal,Apr 13 1997,LAL,,UTA,tied,2-pt FG,unassisted,10,,41:04,39,14,29,.483,0,0,,11,18,.611,13,2,1,2,29.4
Matt Geiger,Apr 5 1997,CHH,,PHI,tied,2-pt FG,unassisted,At Rim,,33:52,15,6,11,.545,0,0,,3,6,.500,13,2,1,1,17.5
Wayman Tisdale,Mar 2 1997,PHO,@,DAL,-1,2-pt FG,J. Kidd,At Rim,,18:47,8,4,9,.444,0,0,,0,0,,3,0,0,2,3.4
John Starks,Feb 18 1997,NYK,,PHO,-2,3-pt FG,unassisted,23,,26:29,15,6,11,.545,3,7,.429,0,0,,3,3,0,0,10.3
Michael Jordan  (6),Feb 11 1997,CHI,,CHH,tied,3-pt FG,S. Pippen,24,,41:51,43,16,24,.667,1,2,.500,10,14,.714,5,4,3,0,32.5
Jerry Stackhouse  (1),Jan 29 1997,PHI,,TOR,tied,2-pt FG,A. Iverson,16,,42:44,11,3,10,.300,0,2,.000,5,5,1.000,2,2,1,0,2.4
Elliot Perry,Jan 25 1997,MIL,@,IND,tied,2-pt FG,unassisted,11,,28:28,19,7,11,.636,1,3,.333,4,4,1.000,4,3,1,1,16.3
Reggie Miller  (1),Dec 13 1996,IND,,BOS,tied,3-pt FG,V. Askew,24,,37:14,25,9,13,.692,3,5,.600,4,4,1.000,4,2,0,1,19.6
Rick Fox,Dec 11 1996,BOS,,TOR,-1,3-pt FG,D. Radja,23,,45:33,24,10,17,.588,1,2,.500,3,4,.750,7,5,2,2,22.9
Voshon Lenard  (1),Dec 10 1996,MIA,@,CLE,tied,2-pt FG,unassisted,16,,23:48,8,2,5,.400,1,4,.250,3,4,.750,5,0,0,0,5.6
Kenny Anderson  (1),Nov 7 1996,POR,,MIN,-1,2-pt FG,unassisted,15,,43:09,21,6,17,.353,1,5,.200,8,9,.889,5,3,3,0,15.5
Hakeem Olajuwon  (3),Apr 13 1996,HOU,,DAL,-1,2-pt FG,R. Horry,5,,32:00,31,13,21,.619,0,0,,5,6,.833,13,6,0,10,30.4
Vernon Maxwell  (2),Apr 6 1996,PHI,@,ATL,-1,2-pt FG,unassisted,19,,48:00,38,14,27,.519,4,10,.400,6,7,.857,5,6,2,0,22.2
Mookie Blaylock,Mar 31 1996,ATL,@,BOS,-2,3-pt FG,C. Ehlo,24,,43:00,16,6,17,.353,2,8,.250,2,2,1.000,3,10,3,0,15.8
Greg Minor,Mar 22 1996,BOS,,DEN,-1,2-pt FG,unassisted,8,,33:00,24,9,13,.692,0,0,,6,6,1.000,7,2,2,0,25.6
Dennis Scott,Feb 21 1996,ORL,@,IND,tied,2-pt FG,unassisted,18,,39:00,32,11,18,.611,8,13,.615,2,2,1.000,4,3,0,0,25.1
John Stockton  (3),Jan 8 1996,UTA,,MIA,tied,2-pt FG,A. Keefe,22,,33:00,27,8,11,.727,1,3,.333,10,11,.909,4,5,1,0,26.0
Blue Edwards,Jan 5 1996,VAN,,PHI,-1,2-pt FG,B. Reeves,19,,34:00,19,9,21,.429,0,5,.000,1,5,.200,3,1,1,0,6.3
Sam Cassell  (1),Dec 30 1995,HOU,@,DAL,tied,3-pt FG,unassisted,26,,27:00,23,8,16,.500,1,3,.333,6,9,.667,2,2,0,0,15.0
Tony Dumas,Dec 28 1995,DAL,,VAN,tied,2-pt FG,J. Kidd,12,,36:00,18,3,16,.188,1,7,.143,11,16,.688,5,0,1,0,6.1
Terrell Brandon,Dec 23 1995,CLE,,IND,-1,2-pt FG,unassisted,5,,39:00,21,7,14,.500,2,2,1.000,5,5,1.000,3,11,0,1,21.7
John Stockton  (2),Dec 21 1995,UTA,@,CLE,-1,3-pt FG,unassisted,24,,34:00,15,5,8,.625,2,4,.500,3,4,.750,4,8,1,1,16.3
Arvydas Sabonis,Dec 10 1995,POR,,HOU,tied,2-pt FG,unassisted,7,,39:00,13,4,13,.308,0,2,.000,5,6,.833,15,2,2,1,7.9
Michael Finley  (1),Nov 25 1995,PHO,,LAL,-1,2-pt FG,unassisted,14,,32:00,23,9,15,.600,3,6,.500,2,4,.500,4,2,0,0,15.3
Anfernee Hardaway  (1),Nov 22 1995,ORL,,VAN,tied,2-pt FG,unassisted,6,,38:00,37,11,21,.524,1,4,.250,14,17,.824,4,5,1,1,26.5
James Robinson,Nov 21 1995,POR,@,LAL,-2,3-pt FG,A. McKie,23,,27:00,17,7,12,.583,3,5,.600,0,0,,1,6,0,1,16.2
Robert Horry  (1),Nov 15 1995,HOU,@,TOR,tied,3-pt FG,C. Drexler,26,,26:00,3,1,5,.200,1,4,.250,0,0,,3,3,0,2,1.1
Chris King,Nov 5 1995,VAN,,MIN,tied,2-pt FG,unassisted,At Rim,,38:00,9,3,10,.300,0,1,.000,3,5,.600,5,1,2,0,6.0
Rik Smits  (2),May 29 1995 p,IND,,ORL,-1,2-pt FG,D. McKey,14,,36:00,21,6,16,.375,0,0,,9,11,.818,7,7,1,2,17.2
Clyde Drexler  (3),Apr 9 1995,HOU,@,DEN,tied,3-pt FG,unassisted,30,,41:00,34,11,21,.524,3,5,.600,9,11,.818,13,1,1,1,28.0
Chuck Person  (3),Apr 6 1995,SAS,@,SAC,tied,2-pt FG,S. Elliott,20,,21:00,16,7,12,.583,2,4,.500,0,1,.000,2,0,1,0,11.2
Michael Jordan  (5),Mar 25 1995,CHI,@,ATL,-1,2-pt FG,unassisted,14,,43:00,32,14,26,.538,0,1,.000,4,4,1.000,4,2,1,0,22.2
Sean Elliott  (1),Mar 9 1995,SAS,@,CLE,tied,2-pt FG,D. Rivers,At Rim,,26:00,19,5,9,.556,3,5,.600,6,8,.750,1,4,0,0,14.4
Nick Van Exel  (1),Jan 20 1995,LAL,@,BOS,-1,3-pt FG,unassisted,26,,43:00,29,11,23,.478,3,10,.300,4,5,.800,6,10,1,0,20.3
Dee Brown,Jan 15 1995,BOS,,SAC,-1,2-pt FG,unassisted,At Rim,,37:00,8,4,9,.444,0,4,.000,0,0,,1,4,2,0,7.0
Pooh Richardson  (2),Dec 7 1994,LAC,,MIL,tied,2-pt FG,L. Murray,20,,46:00,9,4,11,.364,1,6,.167,0,0,,6,13,2,0,9.8
Clyde Drexler  (2),Dec 4 1994,POR,,MIL,tied,3-pt FG,J. Robinson,26,,42:00,36,9,22,.409,5,12,.417,13,16,.813,11,9,1,0,32.2
Tony Smith,Nov 18 1994,LAL,,CLE,-1,3-pt FG,S. Threatt,27,,9:00,8,3,4,.750,2,3,.667,0,0,,0,0,1,0,7.4
Terry Mills  (1),Nov 17 1994,DET,@,DEN,tied,2-pt FG,unassisted,20,,46:00,20,7,15,.467,3,7,.429,3,4,.750,4,2,3,0,14.7
Toni Kukoč  (2),May 13 1994 p,CHI,,NYK,tied,2-pt FG,P. Myers,19,,13:00,8,2,6,.333,1,2,.500,3,6,.500,4,4,0,1,7.1
Chris Mills,Apr 16 1994,CLE,@,MIL,-1,2-pt FG,unassisted,10,,31:00,13,5,12,.417,0,0,,3,3,1.000,14,1,1,0,14.3
Donald Royal,Mar 16 1994,ORL,,DAL,tied,2-pt FG,unassisted,17,,23:00,9,2,5,.400,0,0,,5,6,.833,2,1,1,0,7.2
Toni Kukoč  (1),Jan 21 1994,CHI,,IND,-2,3-pt FG,S. Pippen,25,,16:00,19,6,9,.667,2,2,1.000,5,6,.833,5,3,2,0,20.1
Latrell Sprewell,Jan 19 1994,GSW,@,ATL,-2,3-pt FG,A. Johnson,23,,46:00,23,8,14,.571,1,4,.250,6,9,.667,5,3,4,0,16.4
Dana Barros,Jan 14 1994,PHI,,IND,tied,2-pt FG,J. Hornacek,16,,50:00,20,8,16,.500,3,8,.375,1,2,.500,6,13,0,0,15.1
Vernon Maxwell  (1),Dec 21 1993,HOU,@,SAS,tied,2-pt FG,unassisted,20,,48:00,35,14,24,.583,5,12,.417,2,2,1.000,3,6,3,0,26.5
Alonzo Mourning,Dec 9 1993,CHH,,CLE,tied,2-pt FG,L. Johnson,10,,43:00,23,8,20,.400,0,0,,7,9,.778,12,5,0,5,20.2
Horace Grant,Nov 19 1993,CHI,@,LAL,tied,2-pt FG,unassisted,At Rim,,41:00,13,6,16,.375,0,0,,1,8,.125,23,5,0,6,19.2
Elden Campbell  (1),Nov 16 1993,LAL,,LAC,tied,2-pt FG,J. Worthy,10,,38:00,7,1,10,.100,0,0,,5,6,.833,5,1,1,5,5.9
Mark Aguirre,Nov 5 1993,LAC,,POR,-1,3-pt FG,M. Jackson,25,,17:00,6,2,3,.667,2,2,1.000,0,0,,2,3,0,0,5.2
Michael Jordan  (4),May 17 1993 p,CHI,@,CLE,tied,2-pt FG,unassisted,18,,40:00,31,11,24,.458,2,2,1.000,7,9,.778,9,6,2,1,23.8
Mahmoud Abdul-Rauf  (2),Apr 25 1993,DEN,,PHO,-1,3-pt FG,unassisted,23,,35:00,23,11,21,.524,1,4,.250,0,0,,4,1,2,0,13.2
Charles Barkley  (3),Apr 22 1993,PHO,@,POR,-1,2-pt FG,unassisted,10,,34:00,25,11,19,.579,0,3,.000,3,4,.750,8,5,2,0,19.0
Danny Ferry,Apr 10 1993,CLE,@,NJN,-1,2-pt FG,M. Price,17,,24:00,18,7,9,.778,1,1,1.000,3,4,.750,0,1,0,0,11.8
Dan Majerle,Apr 6 1993,PHO,,LAL,-2,3-pt FG,O. Miller,33,,41:00,20,6,12,.500,3,5,.600,5,6,.833,4,8,3,0,20.6
Jon Koncak,Jan 19 1993,ATL,@,CHH,tied,2-pt FG,unassisted,At Rim,,26:00,2,1,5,.200,0,0,,0,0,,7,4,0,1,3.5
Ron Anderson,Jan 8 1993,PHI,@,WSB,tied,2-pt FG,unassisted,At Rim,,27:00,23,10,15,.667,2,2,1.000,1,3,.333,7,4,0,0,19.4
Gary Grant,Jan 2 1993,LAC,@,NYK,-1,2-pt FG,J. Williams,21,,23:00,6,3,7,.429,0,0,,0,0,,2,5,2,0,5.2
Mahmoud Abdul-Rauf  (1),Nov 27 1992,DEN,@,LAC,tied,3-pt FG,unassisted,55,,30:00,19,6,12,.500,2,3,.667,5,5,1.000,3,4,0,0,14.7
Michael Jordan  (3),Nov 11 1992,CHI,,DET,-1,3-pt FG,unassisted,26,,52:00,37,13,24,.542,3,3,1.000,8,10,.800,10,4,0,1,26.5
Maurice Cheeks,Mar 27 1992,ATL,@,MIN,tied,2-pt FG,unassisted,19,,14:00,6,3,5,.600,0,0,,0,0,,2,3,1,0,6.4
Alexander Volkov,Mar 23 1992,ATL,,GSW,-1,2-pt FG,D. Ferrell,At Rim,,29:00,16,4,10,.400,0,1,.000,8,9,.889,4,2,2,0,12.8
Hakeem Olajuwon  (2),Feb 26 1992,HOU,,GSW,tied,2-pt FG,O. Thorpe,21,,43:00,33,11,20,.550,0,0,,11,12,.917,12,9,5,4,39.5
Ricky Pierce  (2),Feb 20 1992,SEA,,LAL,tied,2-pt FG,N. McMillan,20,,34:00,19,7,19,.368,0,2,.000,5,6,.833,6,3,1,1,9.3
Pooh Richardson  (1),Feb 13 1992,MIN,@,DET,tied,3-pt FG,T. Campbell,23,,46:00,19,9,21,.429,1,1,1.000,0,0,,7,13,1,0,15.9
Detlef Schrempf,Feb 11 1992,IND,@,ORL,tied,2-pt FG,unassisted,18,,35:00,26,9,17,.529,0,0,,8,9,.889,23,3,2,0,27.9
Sam Perkins  (2),Jan 15 1992,LAL,,CHH,tied,2-pt FG,unassisted,10,,37:00,10,3,9,.333,0,0,,4,6,.667,13,2,1,2,12.2
Larry Johnson,Jan 14 1992,CHH,@,SEA,-1,2-pt FG,K. Gill,17,,48:00,24,10,22,.455,0,1,.000,4,4,1.000,13,5,2,0,16.6
Craig Ehlo  (2),Dec 23 1991,CLE,,UTA,-2,3-pt FG,B. Daugherty,25,,27:00,14,5,12,.417,2,4,.500,2,4,.500,6,4,1,0,10.2
Johnny Dawkins,Dec 6 1991,PHI,,POR,tied,3-pt FG,R. Anderson,27,,43:00,23,11,20,.550,1,4,.250,0,0,,2,10,0,0,17.8
Sedale Threatt,Nov 27 1991,LAL,@,MIA,tied,2-pt FG,unassisted,17,,43:00,4,2,5,.400,0,0,,0,0,,3,3,1,0,2.9
Tony Campbell,Apr 21 1991,MIN,@,WSB,tied,2-pt FG,unassisted,17,,39:00,22,8,21,.381,1,2,.500,5,8,.625,5,3,1,0,11.5
Robert Parish  (2),Mar 29 1991,BOS,,CLE,tied,2-pt FG,B. Shaw,10,,37:00,25,12,16,.750,0,0,,1,4,.250,15,1,0,2,25.0
Brad Davis,Mar 13 1991,DAL,,SEA,tied,2-pt FG,unassisted,At Rim,,18:00,8,4,7,.571,0,1,.000,0,0,,1,6,0,0,8.0
Trent Tucker  (2),Mar 6 1991,NYK,@,DET,tied,3-pt FG,C. Oakley,25,,15:00,8,3,5,.600,2,3,.667,0,0,,2,2,0,0,7.3
John Morton,Mar 5 1991,CLE,@,SEA,tied,2-pt FG,unassisted,15,,27:00,21,6,8,.750,0,0,,9,9,1.000,1,2,1,0,19.7
Rolando Blackman  (2),Mar 4 1991,DAL,,NJN,tied,Free throw,,,,37:00,21,6,15,.400,0,0,,9,10,.900,5,7,0,0,16.3
Travis Mays,Feb 12 1991,SAC,,LAC,tied,2-pt FG,B. Wennington,17,,40:00,24,9,16,.563,4,6,.667,2,2,1.000,4,2,1,0,16.4
Bill Laimbeer  (4),Jan 25 1991,DET,,DAL,tied,2-pt FG,unassisted,10,,23:00,6,3,8,.375,0,3,.000,0,0,,6,4,0,1,5.3
Fred Roberts,Dec 7 1990,MIL,@,ATL,-1,2-pt FG,unassisted,18,,31:00,8,3,7,.429,0,0,,2,2,1.000,2,4,0,0,1.5
Charles Barkley  (2),Dec 4 1990,PHI,,MIL,-1,Free throw,,,,44:00,42,13,20,.650,0,0,,16,20,.800,9,0,3,0,35.5
Kevin Johnson,Nov 21 1990,PHO,,CHI,tied,2-pt FG,unassisted,10,,28:00,18,4,11,.364,0,0,,10,11,.909,3,10,2,0,16.6
Michael Jordan  (2),Nov 13 1990,CHI,@,UTA,tied,2-pt FG,unassisted,18,,38:00,29,10,22,.455,1,1,1.000,8,10,.800,11,5,1,2,25.8
Brian Shaw,Nov 6 1990,BOS,@,CHI,tied,2-pt FG,unassisted,At Rim,,45:00,20,8,15,.533,0,0,,4,6,.667,8,8,2,0,18.1
Ken Norman,Nov 4 1990,LAC,,GSW,tied,2-pt FG,unassisted,20,,44:00,26,10,17,.588,0,1,.000,6,9,.667,13,3,3,0,24.9
John Paxson,Apr 7 1990,CHI,@,DAL,-2,3-pt FG,M. Jordan,24,,35:00,9,3,7,.429,1,1,1.000,2,2,1.000,4,10,1,0,13.7
Sam Mitchell,Mar 30 1990,MIN,@,DAL,tied,2-pt FG,unassisted,10,,25:00,6,3,6,.500,0,0,,0,0,,2,1,1,1,2.4
Glen Rice  (1),Mar 5 1990,MIA,,UTA,-1,2-pt FG,S. Douglas,21,,27:00,10,4,10,.400,0,0,,2,2,1.000,2,3,1,0,6.9
Lester Conner,Feb 21 1990,NJN,,MIN,tied,2-pt FG,unassisted,12,,43:00,17,8,14,.571,0,0,,1,1,1.000,4,4,3,0,15.0
Byron Scott,Feb 20 1990,LAL,@,SAS,-2,3-pt FG,unassisted,24,,45:00,15,6,14,.429,2,4,.500,1,2,.500,7,4,1,0,11.1
Willie Anderson,Feb 17 1990,SAS,@,HOU,tied,2-pt FG,?,15,,41:00,20,9,17,.529,0,0,,2,2,1.000,5,9,0,1,15.0
Derrick McKey  (2),Feb 3 1990,SEA,@,WSB,tied,2-pt FG,unassisted,17,,41:00,17,5,16,.313,0,0,,7,9,.778,7,2,1,0,10.1
Trent Tucker  (1),Jan 15 1990,NYK,,CHI,tied,3-pt FG,M. Jackson,26,,21:00,12,5,8,.625,2,4,.500,0,0,,0,1,1,0,8.3
Craig Ehlo  (1),Dec 11 1989,CLE,@,UTA,tied,3-pt FG,L. Nance,30,,34:00,17,6,12,.500,4,5,.800,1,2,.500,5,4,1,0,16.3
Chuck Person  (2),Dec 8 1989,IND,,CHI,tied,2-pt FG,unassisted,20,,33:00,15,5,14,.357,1,4,.250,4,6,.667,6,5,0,0,11.9
Dell Curry,Nov 17 1989,CHH,,GSW,-2,3-pt FG,M. Bogues,24,,27:00,16,7,14,.500,2,3,.667,0,0,,3,3,2,0,10.0
John Stockton  (1),Nov 15 1989,UTA,,CHI,-1,2-pt FG,unassisted,At Rim,,41:00,22,7,14,.500,1,1,1.000,7,7,1.000,1,18,3,1,26.8
Michael Jordan  (1),May 7 1989 p,CHI,@,CLE,-1,2-pt FG,unassisted,15,,44:00,44,17,32,.531,1,1,1.000,9,13,.692,9,6,1,0,32.7
Derrick McKey  (1),May 5 1989 p,SEA,@,HOU,tied,2-pt FG,N. McMillan,At Rim,,38:00,15,6,11,.545,0,3,.000,3,4,.750,9,4,1,1,9.7
Adrian Dantley,Apr 2 1989,DAL,,MIA,tied,2-pt FG,unassisted,18,,29:00,25,10,16,.625,0,0,,5,6,.833,7,5,0,0,22.2
Rik Smits  (1),Mar 27 1989,IND,,CLE,tied,Free throw,,,,27:00,13,5,9,.556,0,0,,3,4,.750,9,1,0,1,10.4
Magic Johnson  (3),Mar 26 1989,LAL,,PHO,tied,2-pt FG,unassisted,15,,44:00,34,11,22,.500,0,5,.000,12,13,.923,10,18,1,0,34.8
Doc Rivers,Mar 19 1989,ATL,@,LAL,tied,2-pt FG,J. Battle,22,,31:00,27,10,17,.588,1,1,1.000,6,6,1.000,4,6,2,2,26.1
Rory Sparrow  (2),Feb 17 1989,MIA,,CHH,-1,2-pt FG,unassisted,15,,35:00,13,6,14,.429,1,1,1.000,0,0,,3,6,2,1,10.6
Kurt Rambis  (2),Jan 26 1989,CHH,@,UTA,-1,2-pt FG,unassisted,At Rim,,26:00,8,4,9,.444,0,0,,0,0,,15,3,1,3,12.2
Hersey Hawkins  (1),Jan 7 1989,PHI,@,HOU,-2,3-pt FG,M. Gminski,25,,38:00,31,12,18,.667,2,5,.400,5,8,.625,4,2,3,0,23.8
Scottie Pippen,Dec 29 1988,CHI,,NYK,tied,2-pt FG,unassisted,10,,39:00,23,10,18,.556,0,1,.000,3,4,.750,6,7,1,4,20.1
Kurt Rambis  (1),Dec 23 1988,CHH,,CHI,tied,2-pt FG,unassisted,At Rim,,31:00,8,3,8,.375,0,0,,2,2,1.000,7,3,6,0,9.0
Jay Humphries,Dec 11 1988,MIL,,LAL,-1,2-pt FG,unassisted,16,,29:00,18,9,16,.563,0,2,.000,0,0,,0,3,0,0,10.9
Magic Johnson  (2),Nov 15 1988,LAL,@,DEN,-1,3-pt FG,unassisted,25,,41:00,21,8,14,.571,1,2,.500,4,4,1.000,5,13,3,1,18.5
Mike Mitchell,Apr 21 1988,SAS,@,HOU,-1,2-pt FG,unassisted,15,,25:00,14,6,11,.545,0,0,,2,2,1.000,4,1,0,0,11.0
Charles Barkley  (1),Apr 13 1988,PHI,,WSB,-2,3-pt FG,A. King,29,,51:00,38,13,21,.619,2,2,1.000,10,15,.667,20,1,3,2,36.0
John Long,Apr 11 1988,IND,,NJN,tied,2-pt FG,unassisted,18,,24:00,11,4,9,.444,0,1,.000,3,3,1.000,2,0,2,0,4.1
Ed Nealy,Mar 25 1988,SAS,,DET,-1,2-pt FG,J. Sundvold,5,,17:00,2,1,1,1.000,0,0,,0,0,,4,1,0,0,-1.0
Michael Adams,Mar 25 1988,DEN,@,LAL,-1,2-pt FG,unassisted,18,,44:00,32,12,22,.545,2,8,.250,6,7,.857,4,9,6,0,31.1
Mark Jackson,Mar 1 1988,NYK,,IND,tied,2-pt FG,unassisted,10,,45:00,13,6,22,.273,0,2,.000,1,2,.500,7,9,0,1,3.7
Gerald Henderson,Feb 29 1988,PHI,,CHI,-1,2-pt FG,unassisted,At Rim,,25:00,15,3,5,.600,2,3,.667,7,8,.875,0,3,1,0,14.6
Jerome Kersey,Feb 27 1988,POR,@,ATL,tied,3-pt FG,unassisted,30,,32:00,25,9,16,.563,1,1,1.000,6,8,.750,7,3,5,0,24.2
Reggie Theus  (3),Feb 16 1988,SAC,@,ATL,tied,3-pt FG,unassisted,29,,40:00,23,11,19,.579,1,1,1.000,0,0,,2,4,2,0,16.1
Steve Stipanovich,Feb 11 1988,IND,@,GSW,-2,3-pt FG,unassisted,22,,33:00,17,8,15,.533,1,2,.500,0,0,,4,3,4,1,15.3
Kelly Tripucka,Feb 4 1988,UTA,@,POR,tied,3-pt FG,unassisted,22,,33:00,18,7,13,.538,3,4,.750,1,2,.500,5,3,1,0,14.9
Steve Harris,Jan 20 1988,GSW,@,NJN,tied,2-pt FG,unassisted,6,,30:00,18,9,14,.643,0,0,,0,0,,3,1,0,0,12.2
Reggie Theus  (2),Jan 2 1988,SAC,,UTA,tied,2-pt FG,unassisted,17,,43:00,36,13,23,.565,0,3,.000,10,11,.909,7,9,3,0,31.9
Clyde Drexler  (1),Jan 1 1988,POR,,PHI,tied,2-pt FG,unassisted,At Rim,,42:00,37,11,23,.478,0,0,,15,16,.938,12,4,3,0,33.9
Magic Johnson  (1),Dec 11 1987,LAL,@,BOS,-1,2-pt FG,unassisted,22,,44:00,18,6,11,.545,1,1,1.000,5,6,.833,8,17,2,0,23.8
Tyrone Corbin,Dec 5 1987,CLE,,LAL,tied,2-pt FG,unassisted,At Rim,,29:00,16,7,11,.636,0,0,,2,4,.500,7,1,1,1,14.8
Nate McMillan,Nov 20 1987,SEA,,MIL,tied,2-pt FG,unassisted,5,,28:00,6,3,5,.600,0,1,.000,0,1,.000,11,10,0,1,11.9
Darren Daye,Nov 18 1987,BOS,,NYK,tied,2-pt FG,unassisted,At Rim,,42:00,19,7,16,.438,0,0,,5,7,.714,4,5,3,0,17.3
Rodney McCray,Nov 15 1987,HOU,,SEA,tied,2-pt FG,unassisted,20,,42:00,24,8,16,.500,0,0,,8,11,.727,8,5,2,0,20.5
Larry Bird  (4),Nov 7 1987,BOS,@,WSB,-1,2-pt FG,D. Ainge,23,,53:00,47,19,29,.655,1,2,.500,8,10,.800,8,7,2,0,34.8
Alvin Robertson,Feb 26 1987,SAS,,PHI,-1,3-pt FG,J. Dawkins,26,,41:00,23,10,20,.500,1,2,.500,2,2,1.000,5,5,6,0,22.8
Jack Sikma  (2),Feb 12 1987,MIL,,SEA,tied,2-pt FG,unassisted,At Rim,,33:00,18,6,10,.600,0,0,,6,7,.857,18,3,2,2,22.3
Mike Sanders,Jan 24 1987,PHO,@,IND,-1,2-pt FG,unassisted,6,,5:00,4,1,2,.500,0,0,,2,2,1.000,1,0,0,0,1.7
Louis Orr,Jan 19 1987,NYK,,BOS,tied,2-pt FG,unassisted,22,,31:00,8,4,7,.571,0,0,,0,0,,6,6,0,0,11.5
Isiah Thomas,Dec 27 1986,DET,@,WSB,tied,2-pt FG,unassisted,22,,39:00,26,10,25,.400,0,1,.000,6,9,.667,4,6,2,0,17.5
Danny Schayes,Dec 27 1986,DEN,@,SAS,tied,Free throw,,,,28:00,17,4,6,.667,0,0,,9,10,.900,8,1,0,3,14.4
Patrick Ewing,Dec 25 1986,NYK,,CHI,-1,2-pt FG,unassisted,10,,41:00,28,13,29,.448,0,0,,2,4,.500,17,1,0,2,16.1
Darrell Griffith  (2),Dec 16 1986,UTA,@,WSB,tied,3-pt FG,K. Tripucka,26,,28:00,27,12,18,.667,3,4,.750,0,1,.000,3,3,2,0,23.4
Fat Lever,Nov 26 1986,DEN,,CHI,tied,2-pt FG,unassisted,8,,39:00,19,8,21,.381,0,0,,3,4,.750,12,4,1,0,13.7
Chuck Person  (1),Nov 15 1986,IND,,MIL,-2,3-pt FG,H. Williams,33,,45:00,14,6,14,.429,1,3,.333,1,2,.500,11,4,0,1,12.8
Darrell Griffith  (1),Nov 11 1986,UTA,,DAL,-2,3-pt FG,R. Green,33,,17:00,15,5,11,.455,2,3,.667,3,6,.500,2,0,0,0,7.3
Ralph Sampson,May 21 1986 p,HOU,@,LAL,tied,2-pt FG,R. McCray,10,,45:00,29,10,15,.667,0,0,,9,11,.818,5,3,2,1,24.2
Dudley Bradley,Apr 18 1986 p,WSB,@,PHI,-2,3-pt FG,unassisted,27,,15:00,9,2,5,.400,2,3,.667,3,4,.750,2,1,0,0,5.4
Julius Erving  (2),Apr 6 1986,PHI,,BOS,-2,3-pt FG,unassisted,28,,34:00,23,8,14,.571,2,2,1.000,5,7,.714,5,4,4,0,21.7
Joe Barry Carroll  (2),Mar 23 1986,GSW,,DEN,tied,2-pt FG,G. Ballard,21,,36:00,31,14,28,.500,0,0,,3,8,.375,8,3,1,2,17.3
Julius Erving  (1),Feb 28 1986,PHI,@,DAL,tied,3-pt FG,M. Cheeks,53,,33:00,20,9,16,.563,1,1,1.000,1,2,.500,4,8,2,0,19.0
Sam Perkins  (1),Jan 13 1986,DAL,@,SEA,-1,2-pt FG,unassisted,6,,32:00,17,6,12,.500,0,0,,5,6,.833,5,2,0,1,10.8
Hakeem Olajuwon  (1),Jan 11 1986,HOU,,WSB,-1,2-pt FG,unassisted,At Rim,,42:00,18,8,22,.364,0,0,,2,6,.333,11,4,1,4,14.3
Ricky Pierce  (1),Dec 28 1985,MIL,@,CLE,tied,2-pt FG,unassisted,At Rim,,36:00,11,4,14,.286,0,0,,3,4,.750,4,1,1,0,3.9
Jim Paxson,Dec 13 1985,POR,@,GSW,tied,3-pt FG,unassisted,25,,36:00,33,13,20,.650,1,1,1.000,6,7,.857,5,3,1,0,26.0
Kiki Vandeweghe,Dec 10 1985,POR,,GSW,tied,Free throw,,,,25:00,21,8,16,.500,0,0,,5,6,.833,2,1,1,0,15.3
Karl Malone,Nov 25 1985,UTA,@,IND,-1,2-pt FG,unassisted,At Rim,,26:00,11,4,9,.444,0,0,,3,4,.750,10,4,0,1,11.4
Clark Kellogg,Nov 16 1985,IND,,BOS,tied,2-pt FG,unassisted,5,,30:00,21,8,12,.667,0,0,,5,6,.833,8,1,2,0,19.9
Dennis Johnson,Jun 5 1985 p,BOS,@,LAL,tied,2-pt FG,L. Bird,21,,46:00,27,11,20,.550,0,1,.000,5,6,.833,7,12,2,2,29.9
Paul Mokeski,Apr 12 1985,MIL,@,BOS,tied,Free throw,,,,28:00,7,2,3,.667,0,0,,3,4,.750,13,2,0,0,9.8
Bill Laimbeer  (3),Apr 10 1985,DET,,IND,tied,2-pt FG,K. Tripucka,16,,38:00,20,9,18,.500,0,0,,2,2,1.000,13,4,3,1,20.6
Walter Davis  (3),Mar 7 1985,PHO,,SAS,-1,3-pt FG,A. Scott,22,,29:00,21,9,16,.563,1,1,1.000,2,2,1.000,2,7,1,0,14.5
Calvin Natt  (2),Mar 2 1985,DEN,,MIL,-1,2-pt FG,?,22,,40:00,29,12,22,.545,0,0,,5,9,.556,11,5,0,0,22.0
Larry Bird  (3),Jan 29 1985,BOS,,DET,-1,2-pt FG,unassisted,6,,37:00,32,11,23,.478,1,1,1.000,9,9,1.000,10,5,0,1,24.9
Larry Bird  (2),Jan 27 1985,BOS,,POR,-1,2-pt FG,unassisted,20,,45:00,48,17,28,.607,2,5,.400,12,12,1.000,10,7,3,1,41.0
Bill Laimbeer  (2),Jan 19 1985,DET,@,NJN,tied,2-pt FG,unassisted,10,,34:00,11,5,14,.357,0,0,,1,2,.500,12,1,1,1,5.4
Mike Evans,Jan 18 1985,DEN,,WSB,tied,2-pt FG,?,10,,10:00,4,2,5,.400,0,0,,0,0,,0,2,1,0,1.9
Greg Ballard  (4),Jan 16 1985,WSB,@,UTA,tied,2-pt FG,D. Daye,22,,46:00,12,5,11,.455,0,0,,2,2,1.000,11,4,0,0,10.8
Kareem Abdul-Jabbar  (3),Jan 6 1985,LAL,,SAS,-1,2-pt FG,M. Cooper,15,,40:00,28,11,20,.550,0,0,,6,9,.667,11,4,2,1,21.2
Kevin McHale,Dec 9 1984,BOS,,ATL,-1,2-pt FG,unassisted,At Rim,,32:00,20,9,15,.600,0,0,,2,2,1.000,10,0,0,2,18.7
Mike Gminski,Nov 3 1984,NJN,,IND,-1,2-pt FG,unassisted,18,,37:00,14,6,15,.400,0,0,,2,4,.500,8,3,0,5,13.5
Gus Williams  (2),Apr 19 1984 p,SEA,@,DAL,tied,3-pt FG,D. Vranes,25,,44:00,19,7,17,.412,1,1,1.000,4,8,.500,6,11,1,0,17.4
Bill Laimbeer  (1),Apr 10 1984,DET,,IND,tied,2-pt FG,I. Thomas,15,,40:00,22,10,19,.526,0,0,,2,2,1.000,22,1,2,2,24.8
George Gervin  (2),Mar 27 1984,SAS,,GSW,-2,3-pt FG,unassisted,25,,31:00,13,4,13,.308,1,1,1.000,4,6,.667,5,4,1,0,5.8
Rolando Blackman  (1),Feb 25 1984,DAL,@,UTA,tied,2-pt FG,unassisted,At Rim,,36:00,19,8,19,.421,0,0,,3,3,1.000,6,5,1,0,11.8
Micheal Ray Richardson  (3),Feb 4 1984,NJN,@,CHI,tied,3-pt FG,B. Willoughby,28,,29:00,18,8,13,.615,1,1,1.000,1,1,1.000,3,5,1,0,15.3
Eddie Johnson  (1),Feb 3 1984,KCK,@,NJN,tied,2-pt FG,unassisted,16,,33:00,32,13,21,.619,0,0,,6,6,1.000,5,2,2,0,25.4
Cliff Robinson  (3),Jan 31 1984,CLE,,DET,-1,3-pt FG,L. Shelton,25,,41:00,32,13,25,.520,1,1,1.000,5,8,.625,21,2,0,4,24.6
Pat Cummings,Jan 25 1984,DAL,,GSW,tied,2-pt FG,B. Davis,10,,45:00,23,10,17,.588,0,0,,3,4,.750,10,4,0,1,14.2
Howard Carter,Jan 20 1984,DEN,,KCK,-1,3-pt FG,?,32,,20:00,7,3,6,.500,1,1,1.000,0,0,,1,1,0,0,4.2
Ray Williams,Jan 14 1984,NYK,@,CHI,tied,Free throw,,,,36:00,13,5,10,.500,1,2,.500,2,2,1.000,3,6,0,0,9.3
Caldwell Jones,Dec 9 1983,HOU,@,CHI,tied,3-pt FG,unassisted,25,,41:00,13,4,5,.800,1,1,1.000,4,4,1.000,7,5,1,1,11.8
Buck Williams,Nov 23 1983,NJN,@,PHO,tied,2-pt FG,D. Cook,10,,44:00,20,7,12,.583,0,0,,6,11,.545,12,4,4,1,17.9
Terry Cummings,Nov 20 1983,SDC,,CLE,tied,2-pt FG,B. Walton,At Rim,,36:00,12,6,18,.333,0,0,,0,0,,10,3,1,0,7.1
Orlando Woolridge,Nov 15 1983,CHI,,DET,tied,2-pt FG,D. Corzine,20,,33:00,27,11,16,.688,0,0,,5,5,1.000,4,2,2,1,23.9
Sidney Moncrief  (3),Nov 13 1983,MIL,,SEA,-1,Free throw,,,,43:00,30,8,16,.500,0,0,,14,14,1.000,3,8,1,0,26.1
Robert Parish  (1),Nov 8 1983,BOS,@,IND,tied,2-pt FG,unassisted,5,,36:00,16,6,9,.667,0,0,,4,4,1.000,11,3,0,1,18.0
Dan Roundfield,Oct 29 1983,ATL,,DET,tied,2-pt FG,unassisted,18,,35:00,23,10,15,.667,0,0,,3,7,.429,10,5,2,4,24.4
George Gervin  (1),Apr 6 1983,SAS,@,PHI,tied,3-pt FG,unassisted,27,,42:00,32,12,24,.500,1,1,1.000,7,8,.875,6,3,4,1,26.8
Rory Sparrow  (1),Mar 12 1983,NYK,,POR,-1,3-pt FG,unassisted,28,,32:00,13,5,8,.625,1,1,1.000,2,2,1.000,2,3,1,0,8.7
Larry Bird  (1),Feb 26 1983,BOS,@,PHO,-1,3-pt FG,C. Maxwell,25,,43:00,38,14,25,.560,1,1,1.000,9,9,1.000,4,5,1,0,27.0
Cliff Robinson  (2),Feb 23 1983,CLE,,GSW,-1,2-pt FG,unassisted,At Rim,,43:00,23,10,26,.385,0,0,,3,5,.600,15,2,0,2,14.1
Jay Vincent,Feb 2 1983,DAL,,LAL,tied,2-pt FG,unassisted,12,,34:00,15,7,16,.438,0,0,,1,1,1.000,15,1,1,1,11.9
Joe Bryant,Jan 18 1983,HOU,,WSB,tied,2-pt FG,unassisted,At Rim,,31:00,14,6,12,.500,0,0,,2,3,.667,0,4,4,1,11.5
Herb Williams,Dec 30 1982,IND,@,UTA,-1,2-pt FG,B. Carter,18,,31:00,31,14,25,.560,0,0,,3,5,.600,6,8,,1,
Greg Ballard  (3),Dec 27 1982,WSB,,CHI,tied,2-pt FG,J. Ruland,20,,38:00,14,6,14,.429,0,0,,2,3,.667,8,4,1,0,10.8
Dan Issel,Dec 27 1982,DEN,,GSW,tied,2-pt FG,R. Williams,20,,29:00,15,5,15,.333,0,0,,5,6,.833,9,3,1,0,8.9
Cliff Robinson  (1),Dec 22 1982,CLE,,IND,tied,2-pt FG,W. Free,12,,32:00,23,10,22,.455,0,0,,3,3,1.000,12,0,1,1,14.5
Lewis Lloyd,Dec 10 1982,GSW,@,SEA,-2,3-pt FG,L. Romar,24,,11:00,10,4,6,.667,1,1,1.000,1,2,.500,5,2,1,0,8.9
Frank Johnson,Nov 26 1982,WSB,@,IND,tied,2-pt FG,unassisted,18,,34:00,16,7,13,.538,0,0,,2,3,.667,1,6,,0,
Gene Banks,Nov 26 1982,SAS,,CHI,tied,2-pt FG,B. Willoughby,22,,42:00,19,6,15,.400,0,0,,7,8,.875,15,7,5,1,27.0
Wes Matthews,Nov 9 1982,ATL,@,DEN,-2,3-pt FG,D. Roundfield,30,,23:00,10,3,6,.500,1,2,.500,3,5,.600,2,6,0,1,9.3
Steve Hawes,Nov 6 1982,ATL,,DET,tied,2-pt FG,R. Sparrow,22,,19:00,5,2,5,.400,0,0,,1,2,.500,6,1,,0,
David Thompson,Nov 3 1982,SEA,,SAS,-1,3-pt FG,G. Williams,28,,25:00,21,6,13,.462,1,1,1.000,8,8,1.000,2,3,0,0,15.4
Sidney Moncrief  (2),May 1 1982 p,MIL,,PHI,-1,2-pt FG,unassisted,5,,47:00,20,6,13,.462,0,0,,8,9,.889,2,4,1,0,
Darnell Valentine,Mar 19 1982,POR,@,UTA,tied,2-pt FG,?,15,,21:00,10,4,14,.286,0,0,,2,2,1.000,4,4,1,0,6.8
Johnny Moore,Mar 14 1982,SAS,,CHI,tied,2-pt FG,E. Rains,22,,27:00,4,1,6,.167,0,0,,2,5,.400,5,13,1,0,7.6
Gus Williams  (1),Mar 12 1982,SEA,@,MIL,tied,2-pt FG,unassisted,20,,36:00,30,13,20,.650,0,0,,4,6,.667,1,6,1,0,23.5
James Silas  (2),Mar 5 1982,CLE,@,POR,-1,Free throw,,,,34:00,22,7,16,.438,0,0,,8,9,.889,3,4,0,0,13.1
World B. Free  (4),Feb 25 1982,GSW,@,DAL,tied,2-pt FG,unassisted,20,,39:00,31,13,22,.591,0,0,,5,7,.714,3,1,0,0,17.2
Joe Barry Carroll  (1),Feb 2 1982,GSW,,LAL,tied,Free throw,,,,35:00,22,8,16,.500,0,0,,6,8,.750,9,0,1,1,12.6
Sidney Moncrief  (1),Jan 26 1982,MIL,@,LAL,tied,2-pt FG,unassisted,At Rim,,34:00,20,8,14,.571,0,0,,4,7,.571,5,7,3,1,
Reggie Theus  (1),Jan 23 1982,CHI,@,NYK,-1,2-pt FG,A. Gilmore,20,,43:00,36,13,26,.500,2,3,.667,8,12,.667,7,7,2,0,26.4
Greg Ballard  (2),Jan 10 1982,WSB,@,NYK,tied,3-pt FG,D. Collins,25,,49:00,27,12,27,.444,1,,,2,3,.667,11,4,,,
World B. Free  (3),Dec 2 1981,GSW,,CHI,-1,2-pt FG,unassisted,12,,34:00,27,12,21,.571,0,0,,3,8,.375,2,9,1,0,19.0
Rickey Green,Nov 20 1981,UTA,@,CHI,tied,2-pt FG,J. Hardy,22,,32:00,13,4,8,.500,0,0,,5,7,.714,1,4,4,0,11.9
Sonny Parker,Nov 13 1981,GSW,@,HOU,tied,2-pt FG,unassisted,At Rim,,18:00,15,6,7,.857,0,0,,3,4,.750,4,5,1,0,17.4
Alex English  (2),Mar 24 1981,DEN,@,SAS,tied,2-pt FG,unassisted,21,,35:00,33,15,22,.682,0,0,,3,7,.429,8,3,2,1,27.6
James Bailey,Mar 13 1981,SEA,@,DET,tied,2-pt FG,unassisted,6,,40:00,21,7,13,.538,0,0,,7,10,.700,9,0,,,
Phil Ford,Feb 18 1981,KCK,,BOS,-1,2-pt FG,S. Lacey,20,,32:00,28,12,17,.706,0,0,,4,4,1.000,3,10,1,0,
Kelvin Ransey,Jan 29 1981,POR,@,SDC,tied,2-pt FG,unassisted,10,,37:00,21,10,20,.500,0,0,,1,2,.500,6,8,1,1,15.1
Jamaal Wilkes  (2),Jan 16 1981,LAL,@,NJN,tied,2-pt FG,N. Nixon,20,,39:00,32,12,17,.706,0,0,,8,10,.800,6,5,4,0,27.8
Billy Ray Bates,Dec 30 1980,POR,,PHI,-1,2-pt FG,K. Washington,At Rim,,14:00,6,3,8,.375,0,1,.000,0,0,,0,3,0,0,2.3
Micheal Ray Richardson  (2),Nov 29 1980,NYK,,POR,-2,3-pt FG,unassisted,25,,43:00,20,7,13,.538,1,2,.500,5,6,.833,5,8,2,0,18.4
James Silas  (1),Nov 29 1980,SAS,@,KCK,tied,Free throw,,,,21:00,6,2,9,.222,0,,,2,4,.500,3,3,1,0,
Darwin Cook,Oct 31 1980,NJN,,WSB,tied,2-pt FG,J. van Breda Kolff,20,,23:00,10,5,14,.357,0,,,0,0,,4,0,,,
Jamaal Wilkes  (1),Mar 27 1980,LAL,@,UTA,tied,2-pt FG,N. Nixon,20,,35:00,21,9,19,.474,0,1,.000,3,4,.750,4,0,3,0,13.5
Ricky Sobers,Mar 5 1980,CHI,@,GSW,-2,3-pt FG,unassisted,28,,32:00,8,3,8,.375,1,1,1.000,1,2,.500,2,7,0,1,6.6
Brian Winters  (2),Feb 6 1980,MIL,,CLE,tied,2-pt FG,Q. Buckner,21,,37:00,19,9,17,.529,0,1,.000,1,1,1.000,6,5,3,0,16.8
Alex English  (1),Jan 27 1980,IND,,CLE,tied,2-pt FG,unassisted,At Rim,,26:00,11,5,10,.500,0,0,,1,1,1.000,8,6,1,0,13.2
Walter Davis  (2),Jan 17 1980,PHO,,ATL,tied,2-pt FG,unassisted,14,,33:00,19,9,17,.529,0,0,,1,2,.500,2,5,2,0,12.0
Greg Ballard  (1),Jan 5 1980,WSB,@,UTA,-2,3-pt FG,W. Unseld,24,,28:00,20,9,12,.750,1,,,1,1,1.000,9,1,,,
Chris Ford,Dec 14 1979,BOS,,MIL,tied,3-pt FG,C. Maxwell,30,,38:00,15,5,8,.625,3,6,.500,2,2,1.000,4,5,3,0,
World B. Free  (2),Dec 9 1979,SDC,@,POR,tied,2-pt FG,unassisted,22,,37:00,25,8,24,.333,0,0,,9,10,.900,5,6,1,0,14.3
Kevin Grevey,Dec 8 1979,WSB,,ATL,-1,2-pt FG,W. Unseld,15,,32:00,19,5,13,.385,0,,,9,9,1.000,7,4,,,
Micheal Ray Richardson  (1),Dec 5 1979,NYK,@,WSB,tied,2-Pt FG+FT,unassisted,At Rim,,43:00,16,4,9,.444,0,,,8,9,.889,10,10,3,,
Randy Smith  (2),Nov 29 1979,CLE,,NYK,tied,2-pt FG,unassisted,At Rim,,29:00,16,8,15,.533,0,1,.000,0,0,,3,2,0,0,7.0
Calvin Natt  (1),Nov 18 1979,NJN,,SAS,tied,2-pt FG,E. Jordan,At Rim,,38:00,33,14,24,.583,0,,,5,6,.833,13,1,,,
Moses Malone  (2),Nov 13 1979,HOU,@,CHI,-1,Free throw,,,,43:00,45,17,25,.680,0,0,,11,13,.846,11,2,1,2,35.0
Johnny Davis,Nov 10 1979,IND,@,GSW,tied,3-pt FG,M. Johnson,38,,39:00,23,8,17,.471,1,1,1.000,6,9,.667,1,7,1,0,15.3
Marques Johnson  (2),Nov 3 1979,MIL,@,CHI,tied,2-pt FG,B. Winters,At Rim,,39:00,30,12,24,.500,0,0,,6,10,.600,15,5,4,1,25.5
Randy Smith  (1),Nov 1 1979,CLE,@,DET,tied,2-pt FG,unassisted,20,,33:00,17,7,14,.500,0,0,,3,4,.750,4,3,0,0,9.9
Walter Davis  (1),Oct 28 1979,PHO,@,POR,-1,2-pt FG,A. Adams,18,,36:00,20,7,17,.412,0,0,,6,8,.750,4,6,2,0,15.1
Kermit Washington  (2),Oct 23 1979,POR,,KCK,tied,2-pt FG,unassisted,At Rim,,34:00,6,3,3,1.000,0,0,,0,0,,9,1,0,3,7.6
Kareem Abdul-Jabbar  (2),Oct 12 1979,LAL,@,SDC,-1,2-pt FG,unassisted,18,,39:00,29,13,22,.591,0,0,,3,4,.750,10,4,2,3,25.1
Larry Wright,May 20 1979 p,WSB,,SEA,tied,Free throw,,,,23:00,26,12,18,.667,,,,2,3,.667,3,2,1,0,19.5
Moses Malone  (1),Mar 30 1979,HOU,@,SAS,-1,Free throw,,,,40:00,36,12,20,.600,,,,12,14,.857,19,2,0,3,
Ron Brewer,Mar 24 1979,POR,,KCK,tied,Free throw,,,,37:00,24,9,13,.692,,,,6,7,.857,3,1,0,1,18.6
Charles Johnson  (2),Feb 13 1979,WSB,@,SDC,tied,2-pt FG,unassisted,25,,34:00,8,4,15,.267,,,,0,0,,3,2,,,
Clifford Ray,Jan 31 1979,GSW,@,PHI,tied,2-pt FG,J. Lucas,At Rim,,40:00,8,4,12,.333,,,,0,0,,9,6,2,0,7.3
Kermit Washington  (1),Jan 17 1979,SDC,,LAL,tied,2-pt FG,unassisted,At Rim,,27:00,13,4,7,.571,,,,5,6,.833,8,1,3,0,11.6
Tom Boswell,Jan 2 1979,DEN,@,KCK,tied,2-pt FG,unassisted,At Rim,,26:00,8,3,4,.750,,,,2,2,1.000,8,2,0,0,11.4
George Johnson  (2),Dec 3 1978,NJN,@,LAL,tied,2-pt FG,unassisted,At Rim,,15:00,6,2,3,.667,,,,2,3,.667,4,1,0,0,4.0
Marques Johnson  (1),Oct 22 1978,MIL,,GSW,tied,2-pt FG,J. Gianelli,At Rim,,40:00,33,13,20,.650,,,,7,9,.778,12,5,2,1,32.6
Foots Walker,Apr 7 1978,CLE,@,ATL,tied,2-pt FG,?,18,,34:00,17,5,9,.556,,,,7,8,.875,1,5,3,0,16.9
Jack Sikma  (1),Mar 24 1978,SEA,,IND,tied,2-pt FG,unassisted,25,,45:00,28,12,19,.632,,,,4,6,.667,10,5,,,
Fred Brown  (2),Mar 11 1978,SEA,@,HOU,tied,2-pt FG,unassisted,At Rim,,31:00,25,11,18,.611,,,,3,4,.750,0,7,,,
Lionel Hollins,Feb 26 1978,POR,@,CHI,-1,2-pt FG,unassisted,30,,41:00,15,7,17,.412,,,,1,1,1.000,5,8,2,2,13.4
John Williamson,Feb 12 1978,NJN,,NYK,tied,2-pt FG,K. Porter,25,,48:00,43,18,33,.545,,,,7,8,.875,7,1,,,
Tom Henderson,Jan 8 1978,WSB,@,NJN,-1,2-pt FG,unassisted,15,,36:00,16,8,14,.571,,,,0,0,,2,6,,,
Lonnie Shelton,Dec 13 1977,NYK,,ATL,-1,2-pt FG,unassisted,15,,15:00,19,6,7,.857,,,,7,7,1.000,4,1,,,
Brian Winters  (1),Dec 8 1977,MIL,@,GSW,-1,2-pt FG,?,28,,36:00,22,10,21,.476,,,,2,3,.667,4,4,1,0,13.7
Pete Maravich,Nov 24 1977,NOJ,,DEN,tied,2-pt FG,unassisted,At Rim,,43:00,31,12,31,.387,,,,7,8,.875,2,8,4,0,16.9
Jo Jo White  (2),Apr 17 1977 p,BOS,@,PHI,tied,2-pt FG,unassisted,18,,38:00,21,10,19,.526,,,,1,1,1.000,4,7,,,
Truck Robinson,Mar 22 1977,ATL,@,BUF,tied,2-pt FG,S. Hawes,17,,,34,11,,,,,,12,12,1.000,,,,,
Quinn Buckner,Mar 12 1977,MIL,,IND,tied,2-pt FG,?,20,,38:00,12,5,11,.455,,,,2,2,1.000,6,9,0,0,
John Drew,Mar 8 1977,ATL,,PHI,-1,2-pt FG,L. Hudson,21,,38:00,30,11,23,.478,,,,8,10,.800,6,1,,,
Swen Nater,Feb 17 1977,MIL,,GSW,tied,2-pt FG,D. Meyers,10,,40:00,12,6,13,.462,,,,0,0,,12,3,0,1,
Walt Frazier  (2),Dec 18 1976,NYK,,CLE,tied,2-pt FG,unassisted,At Rim,,48:00,24,12,20,.600,,,,0,0,,9,9,2,0,
Artis Gilmore,Dec 17 1976,CHI,,SAS,tied,2-pt FG,M. Johnson,At Rim,,36:00,19,8,13,.615,,,,3,5,.600,21,3,0,1,
Ken Charles,Dec 14 1976,ATL,,LAL,tied,2-pt FG,unassisted,20,,26:00,20,10,16,.625,,,,0,0,,0,7,,,
Brian Taylor,Nov 23 1976,KCK,@,NYK,tied,Free throw,,,,32:00,14,5,15,.333,,,,4,5,.800,5,4,6,0,
John Johnson,Nov 20 1976,HOU,,KCK,-1,2-pt FG,J. Lucas,15,,44:00,30,14,17,.824,,,,2,2,1.000,3,5,,0,
Rich Jones,Oct 22 1976,NYN,@,GSW,-1,2-pt FG,J. van Breda Kolff,20,,30:00,14,6,14,.429,,,,2,2,1.000,8,0,0,,
Jim Cleamons,Apr 22 1976 p,CLE,,WSB,-1,2-pt FG,unassisted,At Rim,,36:00,6,2,9,.222,,,,2,2,1.000,9,4,0,1,
World B. Free  (1),Apr 2 1976,PHI,,WSB,tied,2-pt FG,unassisted,22,,19:00,11,4,11,.364,,,,3,5,.600,1,1,,,
Elvin Hayes  (3),Feb 29 1976,WSB,,HOU,tied,2-pt FG,W. Unseld,20,,44:00,21,10,17,.588,,,,1,2,.500,18,3,,4,
Curtis Perry,Feb 21 1976,PHO,@,HOU,tied,2-pt FG,unassisted,8,,42:00,20,8,15,.533,,,,4,6,.667,14,4,1,0,
Slick Watts,Feb 15 1976,SEA,,DET,tied,2-pt FG,unassisted,28,,40:00,14,7,14,.500,,,,0,0,,4,8,,,
George Johnson  (1),Feb 14 1976,GSW,,DET,tied,Free throw,,,,26:00,5,2,3,.667,,,,1,2,.500,9,1,0,3,
Kareem Abdul-Jabbar  (1),Jan 13 1976,LAL,@,CHI,tied,2-pt FG,unassisted,15,,47:00,35,13,27,.481,,,,9,12,.750,21,2,3,6,
Tom Burleson,Jan 9 1976,SEA,@,PHO,tied,2-pt FG,unassisted,At Rim,,43:00,25,10,16,.625,,,,5,8,.625,8,2,1,2,
Bob McAdoo,Jan 6 1976,BUF,,LAL,-1,2-pt FG,?,24,,48:00,41,14,32,.438,,,,13,19,.684,15,4,0,2,
Jack Marin,Jan 5 1976,CHI,,HOU,-1,2-pt FG,unassisted,12,,21:00,14,5,13,.385,,,,4,4,1.000,3,3,1,0,
Mike Newlin,Nov 29 1975,HOU,,PHI,-1,2-pt FG,?,20,,42:00,22,8,14,.571,,,,6,6,1.000,4,11,,,
Fred Carter,Nov 25 1975,PHI,,GSW,-1,2-pt FG,unassisted,25,,41:00,20,10,21,.476,,,,0,0,,5,6,3,0,
Jim Brewer,Mar 16 1975,CLE,@,NOJ,tied,2-pt FG,unassisted,At Rim,,43:00,24,11,21,.524,,,,2,3,.667,15,2,1,1,
Tiny Archibald,Mar 6 1975,KCO,,BUF,-1,2-pt FG,R. Behagen,30,,,17,6,18,.333,,,,5,6,.833,4,4,0,1,
Phil Chenier,Feb 6 1975,WSB,@,GSW,-1,Free throw,,,,43:00,31,11,33,.333,,,,9,10,.900,4,4,1,2,
John Gianelli,Jan 30 1975,NYK,@,ATL,tied,2-pt FG,W. Frazier,At Rim,,44:00,18,7,11,.636,,,,4,4,1.000,10,2,,,
Jon McGlocklin,Jan 27 1975,MIL,@,NOJ,tied,2-pt FG,M. Davis,20,,41:00,17,8,16,.500,,,,1,2,.500,3,1,3,0,
Walt Frazier  (1),Jan 4 1975,NYK,,CLE,-1,2-pt FG,E. Monroe,20,,46:00,24,10,17,.588,,,,4,5,.800,7,4,1,0,
Paul Westphal,Dec 14 1974,BOS,@,ATL,tied,2-pt FG,D. Nelson,30,,24:00,14,7,13,.538,,,,0,0,,4,,,,
Charles Johnson  (1),Oct 25 1974,GSW,@,POR,tied,2-pt FG,C. Ray,18,,45:00,16,8,22,.364,,,,0,0,,6,7,3,0,
Jo Jo White  (1),Apr 12 1974 p,BOS,@,BUF,tied,Free throw,,,,40:00,18,8,22,.364,,,,2,2,1.000,3,3,,,
Jim McMillian,Apr 6 1974 p,BUF,,BOS,tied,2-pt FG,unassisted,At Rim,,38:00,15,7,17,.412,,,,1,5,.200,18,2,,,
Fred Brown  (1),Mar 23 1974,SEA,@,GSW,tied,2-pt FG,W. Hazzard,20,,45:00,58,24,37,.649,,,,10,13,.769,6,3,2,0,
Barry Clemens,Mar 15 1974,CLE,,BOS,-1,2-pt FG,unassisted,28,,2:00,4,1,1,1.000,,,,2,2,1.000,2,0,0,,
Rick Barry  (3),Mar 7 1974,GSW,@,MIL,tied,2-pt FG,J. Mullins,24,,46:00,31,15,36,.417,,,,1,1,1.000,6,10,2,0,
Jerry Sloan,Feb 15 1974,CHI,@,MIL,tied,2-pt FG,N. Van Lier,18,,40:00,22,10,16,.625,,,,2,2,1.000,10,3,,0,
George Trapp,Feb 5 1974,DET,@,POR,tied,2-pt FG,?,25,,24:00,10,5,11,.455,,,,0,0,,6,0,0,1,
Bob Weiss,Feb 5 1974,CHI,,BOS,tied,2-pt FG,B. Love,20,,18:00,10,3,5,.600,,,,4,4,1.000,2,1,1,0,
Rick Barry  (2),Jan 31 1974,GSW,@,HOU,-1,2-pt FG,C. Johnson,28,,44:00,38,15,29,.517,,,,8,11,.727,3,4,0,2,
Jerry West  (4),Jan 18 1974,LAL,@,KCO,-1,2-pt FG,C. Hawkins,21,,20:00,7,3,12,.250,,,,1,2,.500,3,5,2,,
Jim Price,Dec 18 1973,LAL,,MIL,tied,2-pt FG,B. Bridges,25,,36:00,16,7,10,.700,,,,2,2,1.000,4,11,4,,
Jimmy Walker  (2),Dec 16 1973,KCO,,DET,-1,2-pt FG,D. Kojis,12,,,25,12,18,.667,,,,1,2,.500,4,3,,,
Bob Love,Nov 24 1973,CHI,,DET,tied,2-pt FG,N. Van Lier,22,,50:00,31,12,27,.444,,,,7,10,.700,11,0,3,1,
Howard Komives,Jan 18 1973,BUF,@,ATL,tied,Free throw,,,,,10,3,11,.273,,,,4,5,.800,2,,,,
Earl Monroe,Jan 12 1973,NYK,@,HOU,-1,2-pt FG,unassisted,10,,44:00,25,10,16,.625,,,,5,6,.833,6,6,,,
Dave DeBusschere,Dec 30 1972,NYK,,BAL,tied,2-pt FG,E. Monroe,20,,39:00,16,8,18,.444,,,,0,0,,9,5,,,
Don May  (2),Dec 27 1972,ATL,N,PHI,-1,2-pt FG,unassisted,10,,15:00,14,6,11,.545,,,,2,2,1.000,7,2,,,
John Brisker,Nov 18 1972,SEA,@,POR,tied,2-pt FG,unassisted,20,,18:00,14,6,12,.500,,,,2,2,1.000,3,3,,,
Rick Barry  (1),Oct 16 1972,GSW,,BAL,-1,2-pt FG,unassisted,At Rim,,40:00,22,10,28,.357,,,,2,2,1.000,8,3,,,
Dick Snyder  (2),Feb 16 1972,SEA,,BOS,-1,2-pt FG,B. Clemens,25,,46:00,23,10,17,.588,,,,3,4,.750,3,5,,,
Wes Unseld,Jan 26 1972,BAL,,BUF,-1,2-pt FG,G. Johnson,At Rim,,51:00,16,8,16,.500,,,,0,0,,20,7,,,
Dick Van Arsdale,Jan 11 1972,PHO,@,MIL,-1,Free throw,,,,41:00,13,2,8,.250,,,,9,13,.692,2,4,,,
Jimmy Walker  (1),Jan 2 1972,DET,@,HOU,tied,2-pt FG,unassisted,16,,,26,9,,,,,,8,8,1.000,,,,,
Walt Wesley,Dec 28 1971,CLE,,POR,tied,Free throw,,,,47:00,22,9,21,.429,,,,4,7,.571,18,3,,,
John Havlicek  (2),Dec 27 1971,BOS,,GSW,tied,2-pt FG,D. Nelson,25,,46:00,28,12,24,.500,,,,4,5,.800,12,8,,,
Elvin Hayes  (2),Dec 12 1971,HOU,,SEA,tied,2-pt FG,D. Gibbs,15,,41:00,34,12,27,.444,,,,10,15,.667,16,1,,,
John Havlicek  (1),Nov 5 1971,BOS,,DET,-1,2-pt FG,J. White,40,,48:00,14,6,23,.261,,,,2,3,.667,15,11,,,
Bob Kauffman,Oct 29 1971,BUF,@,POR,-1,2-pt FG,unassisted,At Rim,,44:00,26,11,17,.647,,,,4,5,.800,11,5,,,
Connie Hawkins,Oct 29 1971,PHO,@,PHI,tied,2-pt FG,P. Silas,28,,38:00,19,6,19,.316,,,,7,8,.875,8,3,,,
Don May  (1),Oct 29 1971,ATL,@,CLE,-1,2-pt FG,B. Bridges,35,,41:00,28,13,21,.619,,,,2,2,1.000,9,1,,,
Dave Sorenson,Jan 25 1971,CLE,,BOS,-1,2-pt FG,J. Johnson,22,,14:00,10,2,2,1.000,,,,6,6,1.000,1,1,,,
George Wilson,Dec 15 1970,BUF,,LAL,tied,2-pt FG,?,30,,24:00,9,4,8,.500,,,,1,1,1.000,2,0,,,
Walt Bellamy,Nov 13 1970,ATL,@,BOS,tied,2-pt FG,B. Bridges,At Rim,,33:00,13,4,8,.500,,,,5,6,.833,13,1,,,
Happy Hairston,Jan 24 1970,LAL,@,SEA,-1,2-pt FG,J. Egan,At Rim,,46:00,22,9,14,.643,,,,4,5,.800,17,2,,,
Willis Reed,Dec 25 1969,NYK,,DET,-1,2-pt FG,W. Frazier,At Rim,,44:00,33,14,24,.583,,,,5,8,.625,15,2,,,
Clem Haskins,Dec 6 1969,CHI,,BOS,tied,2-pt FG,A. Tucker,40,,48:00,23,7,20,.350,,,,9,11,.818,5,21,,,
Hal Greer  (2),Dec 5 1969,PHI,@,BOS,-1,2-pt FG,B. Cunningham,At Rim,,44:00,39,15,23,.652,,,,9,10,.900,3,4,,,
Don Kojis,Nov 10 1969,SDR,N,SFW,-1,2-pt FG,?,30,,25:00,20,6,20,.300,,,,8,10,.800,9,2,,,
Stan McKenzie,Nov 7 1969,PHO,@,LAL,tied,2-pt FG,unassisted,18,,16:00,6,3,8,.375,,,,0,0,,4,2,,,
Elvin Hayes  (1),Apr 4 1969 p,SDR,,ATL,tied,2-pt FG,?,18,,,30,13,20,.650,,,,4,5,.800,20,1,,,
Jim Washington,Mar 4 1969,CHI,,PHI,-1,2-pt FG,unassisted,10,,46:00,30,13,26,.500,,,,4,8,.500,15,2,,,
Bob Rule,Feb 23 1969,SEA,,BOS,tied,2-pt FG,L. Wilkens,35,,44:00,30,13,24,.542,,,,4,10,.400,13,2,,,
Zelmo Beaty,Dec 29 1968,ATL,,BAL,tied,2-pt FG,unassisted,18,,37:00,23,8,18,.444,,,,7,8,.875,7,1,,,
Gus Johnson,Nov 23 1968,BAL,,DET,-1,2-pt FG,unassisted,At Rim,,,32,13,,,,,,6,7,.857,,,,,
Bailey Howell,Feb 7 1968,BOS,,STL,-1,2-pt FG,L. Siegfried,At Rim,,37:00,17,5,13,.385,,,,7,9,.778,7,0,,,
Cazzie Russell  (2),Jan 31 1968,NYK,@,CIN,tied,2-pt FG,unassisted,12,,31:00,21,10,21,.476,,,,1,1,1.000,6,6,,,
Bob Boozer  (3),Dec 8 1967,CHI,@,SEA,-1,2-pt FG,unassisted,At Rim,,42:00,21,5,12,.417,,,,11,13,.846,13,2,,,
Bud Olsen,Nov 19 1967,SEA,,DET,tied,2-pt FG,unassisted,At Rim,,13:00,3,1,2,.500,,,,1,1,1.000,6,4,,,
Dick Snyder  (1),Nov 11 1967,STL,,SFW,-1,2-pt FG,unassisted,At Rim,,38:00,14,7,17,.412,,,,0,0,,2,4,,,
Cazzie Russell  (1),Oct 17 1967,NYK,,SFW,tied,2-pt FG,?,30,,24:00,23,10,24,.417,,,,3,3,1.000,5,2,,,
Bob Boozer  (2),Jan 20 1967,CHI,,DET,-1,Free throw,,,,41:00,27,7,16,.438,,,,13,15,.867,6,1,,,
Richie Guerin  (2),Jan 2 1967,STL,N,DET,tied,2-pt FG,unassisted,25,,43:00,41,18,25,.720,,,,5,9,.556,1,5,,,
Richie Guerin  (1),Dec 15 1966,STL,N,BOS,tied,2-pt FG,unassisted,At Rim,,39:00,23,10,24,.417,,,,3,4,.750,3,4,,,
Fred Hetzel,Dec 9 1966,SFW,@,LAL,-1,2-pt FG,N. Thurmond,15,,22:00,14,4,9,.444,,,,6,6,1.000,5,1,,,
Bill Bridges,Dec 2 1966,STL,,NYK,tied,2-pt FG,unassisted,14,,44:00,22,9,19,.474,,,,4,7,.571,27,2,,,
Jim King,Nov 26 1966,SFW,,CHI,tied,2-pt FG,N. Thurmond,30,,26:00,24,10,15,.667,,,,4,4,1.000,5,3,,,
Wilt Chamberlain  (3),Dec 29 1965,PHI,@,DET,tied,Free throw,,,,48:00,34,14,28,.500,,,,6,13,.462,23,3,,,
Oscar Robertson,Dec 26 1965,CIN,@,STL,tied,2-pt FG,unassisted,6,,48:00,37,12,21,.571,,,,13,16,.813,7,9,,,
Guy Rodgers,Nov 12 1965,SFW,@,DET,-1,Free throw,,,,35:00,16,6,20,.300,,,,4,6,.667,9,8,,,
Jim Barnes,Mar 9 1965,NYK,,PHI,tied,2-pt FG,unassisted,At Rim,,46:00,20,9,25,.360,,,,2,4,.500,16,4,,,
Cliff Hagan  (4),Mar 6 1965,STL,,LAL,tied,2-pt FG,unassisted,At Rim,,42:00,32,13,20,.650,,,,6,6,1.000,5,3,,,
Jerry West  (3),Mar 3 1965,LAL,@,BOS,tied,2-pt FG,W. Hazzard,20,,43:00,30,10,27,.370,,,,10,12,.833,6,6,,,
Bob Boozer  (1),Jan 15 1965,NYK,@,SFW,tied,2-pt FG,unassisted,At Rim,,27:00,15,6,12,.500,,,,3,4,.750,9,0,,,
Ray Scott,Nov 20 1964,DET,@,BAL,-1,2-pt FG,D. Butcher,20,,,14,7,,,,,,0,0,,,,,,
Bob Pettit  (2),Nov 1 1964,STL,@,LAL,-1,Free throw,,,,35:00,24,8,17,.471,,,,8,8,1.000,14,1,,,
Elgin Baylor,Mar 25 1964 p,LAL,,STL,tied,2-pt FG,unassisted,22,,46:00,23,7,17,.412,,,,9,9,1.000,16,11,,,
Wilt Chamberlain  (2),Dec 28 1963,SFW,@,BAL,tied,2-pt FG,A. Attles,12,,48:00,26,11,24,.458,,,,4,8,.500,19,6,,,
Hal Greer  (1),Nov 26 1963,PHI,,BAL,tied,2-pt FG,unassisted,25,,,30,13,35,.371,,,,4,5,.800,17,6,,,
Jerry West  (2),Apr 2 1963 p,LAL,,STL,tied,2-pt FG,unassisted,15,,41:00,22,8,20,.400,,,,6,8,.750,12,4,,,
Wilt Chamberlain  (1),Feb 19 1963,SFW,,LAL,tied,2-pt FG,G. Rodgers,12,,48:00,39,13,33,.394,,,,13,18,.722,36,7,,,
Cliff Hagan  (3),Feb 13 1963,STL,@,NYK,-1,2-pt FG,?,30,,,20,9,,,,,,2,2,1.000,,,,,
Jerry West  (1),Apr 10 1962 p,LAL,,BOS,tied,2-pt FG,unassisted,At Rim,,41:00,36,11,19,.579,,,,14,16,.875,4,2,,,
Ed Conlin  (2),Nov 4 1961,PHW,,DET,tied,2-Pt FG+FT,unassisted,At Rim,,,8,3,,,,,,2,2,1.000,,,,,
Dick Garmaker,Dec 13 1960,NYK,,BOS,tied,2-pt FG,unassisted,At Rim,,,14,6,,,,,,2,2,1.000,,,,,
Gene Shue,Nov 15 1960,DET,N,BOS,-1,2-pt FG,?,,,,26,9,,,,,,8,10,.800,,,,,
Ed Conlin  (1),Oct 28 1960,PHW,,LAL,tied,2-pt FG,G. Rodgers,30,,,10,5,15,.333,,,,0,1,.000,10,0,,,
Tom Heinsohn,Mar 24 1960 p,BOS,@,PHW,tied,2-pt FG,unassisted,At Rim,,31:00,22,7,16,.438,,,,8,10,.800,7,3,,,
Larry Costello,Feb 10 1960,SYR,N,MNL,-1,2-pt FG,unassisted,,,,14,4,,,,,,6,6,1.000,,,,,
Paul Arizin,Dec 6 1959,PHW,,DET,tied,2-pt FG,T. Gola,40,,,33,11,25,.440,,,,11,12,.917,8,1,,,
Kenny Sears,Nov 29 1959,NYK,@,PHW,-1,2-pt FG,J. George,20,,,17,7,14,.500,,,,3,3,1.000,5,1,,,
Cliff Hagan  (2),Mar 11 1959,STL,@,SYR,tied,2-pt FG,?,,,,22,10,,,,,,2,4,.500,11,,,,
Bill Sharman  (3),Feb 11 1959,BOS,,PHW,tied,2-pt FG,B. Cousy,10,,30:00,21,9,22,.409,,,,3,3,1.000,5,3,,,
Ray Felix,Jan 31 1959,NYK,N,SYR,tied,2-pt FG,unassisted,,,,24,10,,,,,,4,7,.571,,,,,
Walter Dukes,Feb 16 1958,DET,@,STL,tied,2-pt FG,unassisted,At Rim,,,19,6,10,.600,,,,7,13,.538,,,,,
Neil Johnston  (2),Jan 17 1958,PHW,N,NYK,-1,2-pt FG,unassisted,15,,,21,8,17,.471,,,,5,10,.500,10,1,,,
Cliff Hagan  (1),Apr 11 1957 p,STL,,BOS,tied,2-pt FG,unassisted,At Rim,,31:00,16,7,14,.500,,,,2,3,.667,20,4,,,
Dolph Schayes  (3),Mar 9 1957,SYR,,BOS,tied,2-pt FG,unassisted,17,,,36,9,,,,,,18,18,1.000,,,,,
Bob Harrison  (2),Feb 23 1957,SYR,@,MNL,tied,2-pt FG,?,40,,,10,4,11,.364,,,,2,3,.667,,,,,
Bill Sharman  (2),Dec 22 1956,BOS,,STL,tied,2-pt FG,B. Cousy,15,,34:00,8,3,14,.214,,,,2,2,1.000,,3,,,
Bob Harrison  (1),Feb 20 1956,STL,N,FTW,tied,2-pt FG,?,30,,,4,2,,,,,,0,0,,,,,,
Bob Cousy,Feb 9 1956,BOS,@,SYR,-1,2-pt FG,unassisted,,,44:00,17,6,18,.333,,,,5,8,.625,8,9,,,
Bob Pettit  (1),Feb 8 1956,STL,N,BOS,-1,2-pt FG,unassisted,At Rim,,46:00,36,13,24,.542,,,,10,11,.909,17,,,,
Richie Regan,Dec 10 1955,ROC,,FTW,-1,2-pt FG,?,25,,,11,5,,,,,,1,1,1.000,,,,,
Jim Tucker,Nov 5 1955,SYR,,FTW,-1,2-pt FG,P. Seymour,,,16:00,3,1,6,.167,,,,1,1,1.000,4,1,,,
Dick Farley,Feb 19 1955,SYR,@,NYK,tied,2-pt FG,P. Seymour,35,,,16,6,,,,,,4,5,.800,,,,,
Jim Baechtold,Feb 13 1955,NYK,@,BOS,tied,2-pt FG,unassisted,15,,33:00,16,5,14,.357,,,,6,6,1.000,,8,,,
Dolph Schayes  (2),Jan 19 1955,SYR,N,PHW,tied,Free throw,,,,36:00,22,5,17,.294,,,,12,13,.923,19,1,,,
Vern Mikkelsen,Dec 8 1954,MNL,@,BOS,tied,Free throw,,,,40:00,25,7,20,.350,,,,11,11,1.000,,2,,,
Odie Spears,Dec 5 1954,ROC,@,FTW,tied,Free throw,,,,,14,5,,,,,,4,5,.800,,,,,
Cal Christensen,Oct 30 1954,ROC,,BOS,tied,Free throw,,,,,5,1,,,,,,3,4,.750,,,,,
Irv Bemoras  (2),Feb 23 1954,MLH,N,SYR,tied,2-pt FG,B. Tosheff,At Rim,,11:00,6,3,8,.375,,,,0,1,.000,3,1,,,
Irv Bemoras  (1),Feb 21 1954,MLH,@,FTW,tied,Free throw,,,,,9,3,,,,,,3,3,1.000,,,,,
Carl Braun  (4),Jan 22 1954,NYK,N,PHW,tied,2-pt FG,?,,,,3,1,,,,,,1,1,1.000,,,,,
Wally Osterkorn,Jan 16 1954,SYR,@,ROC,tied,2-pt FG,unassisted,10,,,15,5,,,,,,5,8,.625,,,,,
Carl Braun  (3),Dec 19 1953,NYK,@,BLB,tied,2-pt FG,unassisted,,,,13,5,,,,,,3,3,1.000,,,,,
Mel Payton,Mar 13 1953,INO,,MLH,tied,2-pt FG,?,,,,5,2,,,,,,1,2,.500,,,,,
Arnie Risen,Mar 8 1953,ROC,@,FTW,tied,2-pt FG,?,15,,,22,7,,,,,,8,12,.667,,,,,
George Ratkovicz,Feb 11 1953,MLH,N,INO,tied,2-pt FG,?,25,,,5,1,,,,,,3,3,1.000,,,,,
Vince Boryla  (2),Jan 27 1953,NYK,@,ROC,tied,2-pt FG,?,40,,,12,5,,,,,,2,3,.667,,,,,
Andy Phillip  (3),Dec 27 1952,FTW,N,NYK,-1,2-pt FG,?,At Rim,,,15,5,,,,,,5,5,1.000,,,,,
Bill Sharman  (1),Nov 23 1952,BOS,@,ROC,tied,2-pt FG,B. Brannum,17,,,21,9,13,.692,,,,3,3,1.000,,,,,
Don Barksdale,Nov 22 1952,BLB,N,PHW,-1,2-pt FG,unassisted,At Rim,,,14,6,,,,,,2,3,.667,,,,,
Andy Phillip  (2),Nov 1 1952,PHW,,SYR,tied,2-pt FG,unassisted,45,,53:00,21,8,16,.500,,,,5,7,.714,11,10,,,
Arnie Johnson  (2),Mar 13 1952,ROC,@,FTW,tied,2-pt FG,B. Davies,At Rim,,,15,5,11,.455,,,,5,10,.500,8,,,,
Neil Johnston  (1),Feb 26 1952,PHW,@,INO,tied,2-pt FG,W. Budko,At Rim,,,10,4,,,,,,2,2,1.000,,,,,
Jack Coleman  (2),Feb 14 1952,ROC,@,SYR,tied,2-pt FG,unassisted,At Rim,,,16,7,,,,,,2,2,1.000,,,,,
Andy Phillip  (1),Feb 1 1952,PHW,,BLB,tied,2-pt FG,unassisted,At Rim,,,14,5,10,.500,,,,4,4,1.000,5,10,,,
Vince Boryla  (1),Dec 18 1951,NYK,,MNL,tied,2-pt FG,C. Simmons,30,,,9,4,,,,,,1,1,1.000,,,,,
Chuck Cooper,Feb 21 1951,BOS,,NYK,tied,2-pt FG,S. Hertzberg,20,,,13,6,,,,,,1,4,.250,,,,,
Ralph Beard  (2),Feb 13 1951,INO,,FTW,tied,2-pt FG,B. Lavoy,45,,,21,8,,,,,,5,5,1.000,,,,,
Arnie Johnson  (1),Jan 10 1951,ROC,@,BLB,tied,2-pt FG,?,,,,17,6,7,.857,,,,5,7,.714,,,,,
Ralph Beard  (1),Jan 6 1951,INO,@,ROC,tied,2-pt FG,P. Walther,At Rim,,,17,8,23,.348,,,,1,1,1.000,,1,,,
Dolph Schayes  (1),Jan 6 1951,SYR,@,NYK,tied,2-pt FG,?,10,,,26,10,16,.625,,,,6,9,.667,15,4,,,
Jack Coleman  (1),Nov 29 1950,ROC,@,WSC,-1,2-pt FG,unassisted,At Rim,,,7,3,,,,,,1,1,1.000,,,,,
Johnny Payak,Mar 19 1950,WAT,,TRI,tied,2-pt FG,unassisted,8,,,20,5,16,.313,,,,10,14,.714,,,,,
Carl Braun  (2),Mar 8 1950,NYK,,STB,tied,2-pt FG,E. Vandeweghe,35,,,20,8,20,.400,,,,4,7,.571,,2,,,
Andy Duncan,Feb 26 1950,ROC,@,STB,tied,2-pt FG,unassisted,At Rim,,,8,4,7,.571,,,,0,1,.000,,,,,
Charlie Black,Jan 18 1950,FTW,@,SHE,-1,2-pt FG,?,,,,11,3,13,.231,,,,5,8,.625,,5,,,
Carl Braun  (1),Jan 14 1950,NYK,,BOS,tied,2-pt FG,E. Vandeweghe,,,,21,10,23,.435,,,,1,1,1.000,,7,,,
Dick McGuire,Dec 10 1949,NYK,,CHS,tied,2-pt FG,unassisted,At Rim,,,14,4,,,,,,6,9,.667,,,,,
Herm Schaefer,Feb 26 1949,MNL,@,BLB,tied,Free throw,,,,,14,3,,,,,,8,9,.889,,,,,
Belus Smawley,Nov 25 1948,STB,,PRO,tied,2-pt FG,?,50,,,16,6,,,,,,4,6,.667,,,,,
John Logan,Feb 26 1948,STB,,BOS,tied,2-pt FG,?,45,,,18,5,14,.357,,,,8,9,.889,,,,,
Bob Feerick,Jan 22 1947,WSC,,PHW,tied,2-pt FG,?,,,,19,7,,,,,,5,7,.714,,,,,
John Barr,Dec 10 1946,STB,@,CLR,-1,2-pt FG,A. Davis,45,,,4,2,,,,,,0,1,.000,,,,,